step,run_type,err,lane,handle_count,pred_sig,act_sig
1,learn_on,2.000000,De,1,[],[7]
2,learn_on,0.000000,Po,2,[],[]
3,learn_on,0.000000,Po,2,[],[]
4,learn_on,2.000000,De,2,[],[7]
5,learn_on,0.000000,Po,2,[7],[7]
6,learn_on,0.000000,Po,2,[7],[7]
7,learn_on,0.000000,Po,2,[],[]
8,learn_on,0.000000,Po,2,[7],[7]
13,learn_on,2.000000,De,3,[],[5]
14,learn_on,2.000000,De,3,[],[5]
15,learn_on,0.000000,Po,3,[5],[5]
16,learn_on,0.000000,Po,3,[5],[5]
18,learn_on,0.000000,Po,3,[5],[5]
19,learn_on,2.000000,De,3,[],[5]
20,learn_on,2.000000,De,3,[],[5]
21,learn_on,2.000000,De,3,[],[5]
22,learn_on,2.000000,De,3,[],[5]
23,learn_on,2.000000,De,3,[],[5]
24,learn_on,0.000000,Po,3,[5],[5]
25,learn_on,0.000000,Po,3,[5],[5]
26,learn_on,0.000000,Po,3,[5],[5]
27,learn_on,0.000000,Po,3,[5],[5]
28,learn_on,2.000000,De,3,[],[7]
29,learn_on,2.000000,De,3,[],[7]
30,learn_on,0.000000,Po,3,[],[]
31,learn_on,0.000000,Po,3,[7],[7]
32,learn_on,0.000000,Po,3,[],[]
33,learn_on,0.000000,Po,3,[7],[7]
34,learn_on,0.000000,Po,3,[],[]
35,learn_on,0.000000,Po,3,[],[]
36,learn_on,0.000000,Po,3,[],[]
37,learn_on,0.000000,Po,3,[],[]
38,learn_on,0.000000,Po,3,[],[]
39,learn_on,2.000000,De,3,[],[5]
40,learn_on,2.000000,De,3,[],[5]
41,learn_on,2.000000,De,3,[],[5]
42,learn_on,0.000000,Po,3,[5],[5]
43,learn_on,0.000000,Po,3,[5],[5]
44,learn_on,2.000000,De,3,[],[5]
45,learn_on,2.000000,De,3,[],[5]
46,learn_on,0.000000,Po,3,[5],[5]
47,learn_on,2.000000,De,3,[],[5]
48,learn_on,2.000000,De,3,[],[5]
49,learn_on,0.000000,Po,3,[5],[5]
50,learn_on,0.000000,Po,3,[5],[5]
51,learn_on,0.000000,Po,3,[5],[5]
52,learn_on,0.000000,Po,3,[5],[5]
53,learn_on,2.000000,De,3,[],[7]
54,learn_on,2.000000,De,3,[],[7]
55,learn_on,0.000000,Po,3,[7],[7]
56,learn_on,0.000000,Po,3,[7],[7]
57,learn_on,0.000000,Po,3,[7],[7]
58,learn_on,0.000000,Po,3,[7],[7]
59,learn_on,0.000000,Po,3,[],[]
60,learn_on,2.000000,De,3,[],[5]
65,learn_on,2.000000,De,3,[],[5]
66,learn_on,2.000000,De,3,[],[5]
67,learn_on,0.000000,Po,3,[5],[5]
68,learn_on,0.000000,Po,3,[5],[5]
69,learn_on,0.000000,Po,3,[5],[5]
70,learn_on,0.000000,Po,3,[5],[5]
71,learn_on,0.000000,Po,3,[5],[5]
72,learn_on,0.000000,Po,3,[],[]
73,learn_on,2.000000,De,3,[],[5]
74,learn_on,2.000000,De,3,[],[5]
75,learn_on,0.000000,Po,3,[5],[5]
76,learn_on,0.000000,Po,3,[5],[5]
77,learn_on,0.000000,Po,3,[5],[5]
78,learn_on,0.000000,Po,3,[5],[5]
79,learn_on,2.000000,De,3,[],[5]
80,learn_on,2.000000,De,3,[],[5]
81,learn_on,2.000000,De,3,[],[5]
82,learn_on,2.000000,De,3,[],[5]
83,learn_on,0.000000,Po,3,[5],[5]
84,learn_on,0.000000,Po,3,[5],[5]
85,learn_on,0.000000,Po,3,[5],[5]
86,learn_on,0.000000,Po,3,[5],[5]
87,learn_on,0.000000,Po,3,[],[]
88,learn_on,2.000000,De,3,[],[5]
89,learn_on,2.000000,De,3,[],[5]
90,learn_on,0.000000,Po,3,[5],[5]
91,learn_on,0.000000,Po,3,[5],[5]
92,learn_on,0.000000,Po,3,[5],[5]
93,learn_on,0.000000,Po,3,[5],[5]
94,learn_on,0.000000,Po,3,[],[]
95,learn_on,2.000000,De,3,[],[5]
96,learn_on,2.000000,De,3,[],[5]
103,learn_on,0.000000,Po,3,[],[]
110,learn_on,0.000000,Po,3,[],[]
111,learn_on,0.000000,Po,3,[],[]
112,learn_on,2.000000,De,3,[],[5]
113,learn_on,2.000000,De,3,[],[5]
114,learn_on,0.000000,Po,3,[5],[5]
115,learn_on,2.000000,De,3,[],[5]
116,learn_on,2.000000,De,3,[],[5]
117,learn_on,0.000000,Po,3,[5],[5]
124,learn_on,2.000000,De,3,[],[5]
125,learn_on,2.000000,De,3,[],[5]
126,learn_on,0.000000,Po,3,[5],[5]
127,learn_on,2.000000,De,3,[],[5]
132,learn_on,2.000000,De,3,[],[5]
133,learn_on,2.000000,De,3,[],[5]
134,learn_on,0.000000,Po,3,[5],[5]
135,learn_on,0.000000,Po,3,[5],[5]
136,learn_on,0.000000,Po,3,[5],[5]
137,learn_on,0.000000,Po,3,[5],[5]
138,learn_on,2.000000,De,3,[],[5]
139,learn_on,2.000000,De,3,[],[5]
146,learn_on,0.000000,Po,3,[5],[5]
147,learn_on,2.000000,De,3,[],[5]
148,learn_on,2.000000,De,3,[],[5]
149,learn_on,2.000000,De,3,[],[5]
152,learn_on,2.000000,De,3,[],[5]
153,learn_on,2.000000,De,3,[],[5]
154,learn_on,2.000000,De,3,[],[5]
155,learn_on,2.000000,De,3,[],[5]
156,learn_on,0.000000,Po,3,[5],[5]
157,learn_on,0.000000,Po,3,[5],[5]
158,learn_on,0.000000,Po,3,[5],[5]
159,learn_on,0.000000,Po,3,[5],[5]
160,learn_on,2.000000,De,3,[],[7]
161,learn_on,0.000000,Po,3,[],[]
162,learn_on,2.000000,De,3,[],[7]
163,learn_on,0.000000,Po,3,[],[]
164,learn_on,0.000000,Po,3,[7],[7]
165,learn_on,0.000000,Po,3,[7],[7]
166,learn_on,0.000000,Po,3,[7],[7]
173,learn_on,0.000000,Po,3,[],[]
174,learn_on,0.000000,Po,3,[],[]
175,learn_on,0.000000,Po,3,[],[]
177,learn_on,2.000000,De,3,[],[5]
178,learn_on,2.000000,De,3,[],[5]
179,learn_on,2.000000,De,3,[],[5]
180,learn_on,2.000000,De,3,[],[5]
181,learn_on,0.000000,Po,3,[5],[5]
182,learn_on,0.000000,Po,3,[5],[5]
183,learn_on,0.000000,Po,3,[5],[5]
184,learn_on,0.000000,Po,3,[5],[5]
185,learn_on,2.000000,De,3,[],[5]
186,learn_on,2.000000,De,3,[],[5]
187,learn_on,0.000000,Po,3,[5],[5]
188,learn_on,0.000000,Po,3,[5],[5]
189,learn_on,0.000000,Po,3,[5],[5]
190,learn_on,0.000000,Po,3,[5],[5]
191,learn_on,0.000000,Po,3,[],[]
192,learn_on,2.000000,De,3,[],[5]
193,learn_on,2.000000,De,3,[],[5]
194,learn_on,0.000000,Po,3,[5],[5]
195,learn_on,0.000000,Po,3,[5],[5]
196,learn_on,0.000000,Po,3,[5],[5]
197,learn_on,0.000000,Po,3,[5],[5]
198,learn_on,2.000000,De,3,[],[5]
199,learn_on,2.000000,De,3,[],[5]
200,learn_on,0.000000,Po,3,[5],[5]
204,learn_on,2.000000,De,3,[],[5]
205,learn_on,2.000000,De,3,[],[5]
206,learn_on,0.000000,Po,3,[5],[5]
208,learn_on,0.000000,Po,3,[5],[5]
209,learn_on,0.000000,Po,3,[5],[5]
210,learn_on,0.000000,Po,3,[],[]
211,learn_on,2.000000,De,3,[],[5]
212,learn_on,2.000000,De,3,[],[5]
213,learn_on,0.000000,Po,3,[5],[5]
214,learn_on,0.000000,Po,3,[5],[5]
215,learn_on,0.000000,Po,3,[5],[5]
219,learn_on,2.000000,De,3,[],[5]
220,learn_on,2.000000,De,3,[],[5]
222,learn_on,0.000000,Po,3,[5],[5]
223,learn_on,0.000000,Po,3,[5],[5]
224,learn_on,0.000000,Po,3,[5],[5]
225,learn_on,0.500000,Na,3,[5],[7]
226,learn_on,0.000000,Po,3,[],[]
227,learn_on,2.000000,De,3,[],[5]
234,learn_on,0.000000,Po,3,[],[]
235,learn_on,0.000000,Po,3,[],[]
236,learn_on,0.000000,Po,3,[],[]
237,learn_on,2.000000,De,3,[],[5]
238,learn_on,2.000000,De,3,[],[5]
239,learn_on,2.000000,De,3,[],[5]
246,learn_on,0.000000,Po,3,[],[]
247,learn_on,0.000000,Po,3,[],[]
248,learn_on,2.000000,De,3,[],[5]
249,learn_on,2.000000,De,3,[],[5]
250,learn_on,0.000000,Po,3,[5],[5]
251,learn_on,0.000000,Po,3,[5],[5]
252,learn_on,0.000000,Po,3,[5],[5]
253,learn_on,0.000000,Po,3,[5],[5]
254,learn_on,2.000000,De,3,[],[5]
260,learn_on,2.000000,De,3,[],[5]
261,learn_on,2.000000,De,3,[],[5]
262,learn_on,0.000000,Po,3,[5],[5]
263,learn_on,0.000000,Po,3,[5],[5]
264,learn_on,0.000000,Po,3,[5],[5]
265,learn_on,2.000000,De,3,[],[5]
266,learn_on,2.000000,De,3,[],[5]
267,learn_on,0.000000,Po,3,[5],[5]
268,learn_on,0.000000,Po,3,[5],[5]
269,learn_on,0.000000,Po,3,[5],[5]
270,learn_on,0.000000,Po,3,[5],[5]
271,learn_on,0.000000,Po,3,[],[]
272,learn_on,0.000000,Po,3,[],[]
273,learn_on,0.000000,Po,3,[],[]
274,learn_on,0.000000,Po,3,[],[]
281,learn_on,2.000000,De,3,[],[5]
285,learn_on,2.000000,De,3,[],[5]
288,learn_on,2.000000,De,3,[],[5]
289,learn_on,2.000000,De,3,[],[5]
290,learn_on,0.000000,Po,3,[5],[5]
291,learn_on,0.000000,Po,3,[5],[5]
292,learn_on,0.000000,Po,3,[5],[5]
293,learn_on,0.000000,Po,3,[5],[5]
294,learn_on,0.000000,Po,3,[],[]
295,learn_on,2.000000,De,3,[],[5]
296,learn_on,2.000000,De,3,[],[5]
297,learn_on,2.000000,De,3,[],[5]
298,learn_on,2.000000,De,3,[],[5]
299,learn_on,0.000000,Po,3,[5],[5]
300,learn_on,0.000000,Po,3,[5],[5]
301,learn_on,2.000000,De,3,[],[5]
302,learn_on,2.000000,De,3,[],[5]
303,learn_on,0.000000,Po,3,[5],[5]
304,learn_on,0.000000,Po,3,[5],[5]
305,learn_on,0.000000,Po,3,[5],[5]
306,learn_on,0.000000,Po,3,[5],[5]
309,learn_on,2.000000,De,3,[],[5]
310,learn_on,2.000000,De,3,[],[5]
311,learn_on,2.000000,De,3,[],[5]
312,learn_on,2.000000,De,3,[],[5]
313,learn_on,0.000000,Po,3,[5],[5]
314,learn_on,0.000000,Po,3,[5],[5]
315,learn_on,0.000000,Po,3,[5],[5]
316,learn_on,0.000000,Po,3,[5],[5]
317,learn_on,2.000000,De,3,[],[5]
318,learn_on,2.000000,De,3,[],[5]
319,learn_on,2.000000,De,3,[],[5]
320,learn_on,0.000000,Po,3,[5],[5]
321,learn_on,0.000000,Po,3,[5],[5]
322,learn_on,0.000000,Po,3,[5],[5]
323,learn_on,0.000000,Po,3,[5],[5]
324,learn_on,2.000000,De,3,[],[5]
325,learn_on,2.000000,De,3,[],[5]
326,learn_on,0.000000,Po,3,[5],[5]
327,learn_on,2.000000,De,3,[],[5]
328,learn_on,2.000000,De,3,[],[5]
329,learn_on,0.000000,Po,3,[5],[5]
330,learn_on,0.000000,Po,3,[5],[5]
331,learn_on,0.000000,Po,3,[5],[5]
332,learn_on,0.000000,Po,3,[5],[5]
333,learn_on,2.000000,De,3,[],[7]
335,learn_on,2.000000,De,3,[],[7]
336,learn_on,0.500000,Na,3,[7],[5]
337,learn_on,2.000000,De,3,[],[7]
338,learn_on,0.000000,Po,3,[7],[7]
339,learn_on,0.000000,Po,3,[7],[7]
346,learn_on,0.000000,Po,3,[],[]
347,learn_on,0.000000,Po,3,[],[]
348,learn_on,0.000000,Po,3,[],[]
349,learn_on,2.000000,De,3,[],[5]
350,learn_on,2.000000,De,3,[],[5]
351,learn_on,0.000000,Po,3,[5],[5]
352,learn_on,0.000000,Po,3,[5],[5]
353,learn_on,0.000000,Po,3,[5],[5]
354,learn_on,0.000000,Po,3,[5],[5]
358,learn_on,2.000000,De,3,[],[5]
362,learn_on,2.000000,De,3,[],[5]
363,learn_on,2.000000,De,3,[],[5]
370,learn_on,0.000000,Po,3,[5],[5]
371,learn_on,0.000000,Po,3,[],[]
376,learn_on,2.000000,De,3,[],[5]
377,learn_on,2.000000,De,3,[],[5]
378,learn_on,0.000000,Po,3,[5],[5]
380,learn_on,2.000000,De,3,[],[5]
381,learn_on,2.000000,De,3,[],[5]
384,learn_on,2.000000,De,3,[],[5]
385,learn_on,2.000000,De,3,[],[5]
386,learn_on,0.000000,Po,3,[5],[5]
387,learn_on,0.000000,Po,3,[5],[5]
394,learn_on,0.000000,Po,3,[5],[5]
395,learn_on,2.000000,De,3,[],[5]
396,learn_on,2.000000,De,3,[],[5]
403,learn_on,0.000000,Po,3,[],[]
404,learn_on,0.000000,Po,3,[5],[5]
405,learn_on,0.000000,Po,3,[],[]
406,learn_on,0.000000,Po,3,[],[]
407,learn_on,2.000000,De,3,[],[7]
408,learn_on,0.000000,Po,3,[],[]
409,learn_on,2.000000,De,3,[],[7]
410,learn_on,0.000000,Po,3,[7],[7]
411,learn_on,0.000000,Po,3,[7],[7]
412,learn_on,0.000000,Po,3,[7],[7]
413,learn_on,0.000000,Po,3,[7],[7]
414,learn_on,0.000000,Po,3,[],[]
415,learn_on,2.000000,De,3,[],[5]
416,learn_on,2.000000,De,3,[],[5]
417,learn_on,0.000000,Po,3,[5],[5]
418,learn_on,0.000000,Po,3,[5],[5]
419,learn_on,0.000000,Po,3,[5],[5]
420,learn_on,0.000000,Po,3,[5],[5]
422,learn_on,2.000000,De,3,[],[5]
426,learn_on,2.000000,De,3,[],[5]
427,learn_on,2.000000,De,3,[],[5]
434,learn_on,2.000000,De,3,[],[5]
441,learn_on,2.000000,De,3,[],[5]
442,learn_on,2.000000,De,3,[],[5]
443,learn_on,0.000000,Po,3,[5],[5]
444,learn_on,0.000000,Po,3,[5],[5]
445,learn_on,2.000000,De,3,[],[5]
446,learn_on,2.000000,De,3,[],[5]
447,learn_on,2.000000,De,3,[],[5]
453,learn_on,2.000000,De,3,[],[5]
454,learn_on,2.000000,De,3,[],[5]
455,learn_on,0.000000,Po,3,[5],[5]
462,learn_on,2.000000,De,3,[],[5]
464,learn_on,2.000000,De,3,[],[5]
465,learn_on,2.000000,De,3,[],[5]
467,learn_on,2.000000,De,3,[],[5]
468,learn_on,2.000000,De,3,[],[5]
469,learn_on,0.000000,Po,3,[5],[5]
470,learn_on,0.000000,Po,3,[5],[5]
471,learn_on,0.000000,Po,3,[5],[5]
472,learn_on,0.000000,Po,3,[5],[5]
473,learn_on,0.000000,Po,3,[],[]
474,learn_on,0.000000,Po,3,[],[]
475,learn_on,0.000000,Po,3,[],[]
476,learn_on,2.000000,De,3,[],[5]
477,learn_on,2.000000,De,3,[],[5]
480,learn_on,2.000000,De,3,[],[5]
481,learn_on,2.000000,De,3,[],[5]
482,learn_on,0.000000,Po,3,[5],[5]
483,learn_on,0.000000,Po,3,[5],[5]
486,learn_on,2.000000,De,3,[],[5]
487,learn_on,2.000000,De,3,[],[5]
488,learn_on,0.000000,Po,3,[5],[5]
489,learn_on,0.000000,Po,3,[5],[5]
490,learn_on,0.000000,Po,3,[5],[5]
491,learn_on,0.000000,Po,3,[5],[5]
493,learn_on,2.000000,De,3,[],[5]
494,learn_on,2.000000,De,3,[],[5]
499,learn_on,2.000000,De,3,[],[5]
500,learn_on,2.000000,De,3,[],[5]
501,learn_on,2.000000,De,3,[],[5]
502,learn_on,2.000000,De,3,[],[5]
505,learn_on,2.000000,De,3,[],[5]
506,learn_on,2.000000,De,3,[],[5]
507,learn_on,0.000000,Po,3,[5],[5]
508,learn_on,0.000000,Po,3,[5],[5]
509,learn_on,0.000000,Po,3,[5],[5]
510,learn_on,2.000000,De,3,[],[5]
511,learn_on,2.000000,De,3,[],[5]
512,learn_on,2.000000,De,3,[],[5]
513,learn_on,0.000000,Po,3,[5],[5]
514,learn_on,0.000000,Po,3,[5],[5]
515,learn_on,0.000000,Po,3,[5],[5]
522,learn_on,0.000000,Po,3,[],[]
523,learn_on,2.000000,De,3,[],[5]
524,learn_on,2.000000,De,3,[],[5]
525,learn_on,0.000000,Po,3,[5],[5]
526,learn_on,0.000000,Po,3,[5],[5]
527,learn_on,2.000000,De,3,[],[5]
528,learn_on,2.000000,De,3,[],[5]
529,learn_on,0.000000,Po,3,[5],[5]
530,learn_on,2.000000,De,3,[],[5]
531,learn_on,2.000000,De,3,[],[5]
532,learn_on,2.000000,De,3,[],[5]
533,learn_on,0.000000,Po,3,[5],[5]
534,learn_on,0.000000,Po,3,[5],[5]
535,learn_on,0.000000,Po,3,[5],[5]
536,learn_on,0.000000,Po,3,[5],[5]
537,learn_on,2.000000,De,3,[],[5]
539,learn_on,2.000000,De,3,[],[5]
540,learn_on,2.000000,De,3,[],[5]
542,learn_on,2.000000,De,3,[],[5]
543,learn_on,2.000000,De,3,[],[5]
544,learn_on,0.000000,Po,3,[5],[5]
545,learn_on,0.000000,Po,3,[5],[5]
546,learn_on,0.000000,Po,3,[5],[5]
547,learn_on,0.000000,Po,3,[5],[5]
548,learn_on,0.000000,Po,3,[],[]
549,learn_on,2.000000,De,3,[],[7]
550,learn_on,2.000000,De,3,[],[7]
551,learn_on,0.000000,Po,3,[],[]
552,learn_on,0.000000,Po,3,[7],[7]
553,learn_on,0.000000,Po,3,[],[]
554,learn_on,0.000000,Po,3,[],[]
555,learn_on,2.000000,De,3,[],[5]
556,learn_on,2.000000,De,3,[],[5]
557,learn_on,0.000000,Po,3,[5],[5]
564,learn_on,0.000000,Po,3,[],[]
565,learn_on,2.000000,De,3,[],[5]
566,learn_on,2.000000,De,3,[],[5]
567,learn_on,2.000000,De,3,[],[5]
568,learn_on,0.000000,Po,3,[5],[5]
569,learn_on,0.000000,Po,3,[5],[5]
570,learn_on,0.000000,Po,3,[5],[5]
571,learn_on,0.000000,Po,3,[5],[5]
572,learn_on,0.000000,Po,3,[],[]
573,learn_on,2.000000,De,3,[],[5]
574,learn_on,2.000000,De,3,[],[5]
575,learn_on,0.000000,Po,3,[5],[5]
578,learn_on,0.000000,Po,3,[5],[5]
582,learn_on,0.000000,Po,3,[],[]
583,learn_on,2.000000,De,3,[],[7]
584,learn_on,2.000000,De,3,[],[7]
585,learn_on,0.000000,Po,3,[],[]
586,learn_on,0.000000,Po,3,[7],[7]
587,learn_on,0.000000,Po,3,[7],[7]
588,learn_on,0.000000,Po,3,[7],[7]
589,learn_on,2.000000,De,3,[],[7]
590,learn_on,2.000000,De,3,[],[7]
591,learn_on,0.000000,Po,3,[7],[7]
592,learn_on,0.000000,Po,3,[7],[7]
593,learn_on,0.000000,Po,3,[7],[7]
594,learn_on,0.000000,Po,3,[7],[7]
595,learn_on,2.000000,De,3,[],[5]
596,learn_on,2.000000,De,3,[],[5]
597,learn_on,2.000000,De,3,[],[5]
598,learn_on,0.000000,Po,3,[5],[5]
599,learn_on,0.000000,Po,3,[5],[5]
600,learn_on,0.000000,Po,3,[5],[5]
601,learn_on,0.000000,Po,3,[5],[5]
602,learn_on,2.000000,De,3,[],[5]
603,learn_on,2.000000,De,3,[],[5]
604,learn_on,0.000000,Po,3,[5],[5]
605,learn_on,2.000000,De,3,[],[5]
606,learn_on,2.000000,De,3,[],[5]
607,learn_on,2.000000,De,3,[],[5]
608,learn_on,0.000000,Po,3,[5],[5]
609,learn_on,0.000000,Po,3,[5],[5]
610,learn_on,2.000000,De,3,[],[5]
611,learn_on,2.000000,De,3,[],[5]
612,learn_on,2.000000,De,3,[],[5]
613,learn_on,2.000000,De,3,[],[5]
614,learn_on,0.000000,Po,3,[5],[5]
615,learn_on,0.000000,Po,3,[5],[5]
616,learn_on,0.000000,Po,3,[5],[5]
617,learn_on,0.000000,Po,3,[5],[5]
620,learn_on,2.000000,De,3,[],[5]
621,learn_on,2.000000,De,3,[],[5]
622,learn_on,2.000000,De,3,[],[5]
623,learn_on,2.000000,De,3,[],[5]
630,learn_on,0.000000,Po,3,[],[]
631,learn_on,0.000000,Po,3,[],[]
632,learn_on,2.000000,De,3,[],[7]
633,learn_on,2.000000,De,3,[],[7]
634,learn_on,0.000000,Po,3,[7],[7]
635,learn_on,0.000000,Po,3,[7],[7]
636,learn_on,0.000000,Po,3,[7],[7]
637,learn_on,0.000000,Po,3,[7],[7]
638,learn_on,0.000000,Po,3,[5],[5]
639,learn_on,2.000000,De,3,[],[5]
640,learn_on,2.000000,De,3,[],[5]
641,learn_on,2.000000,De,3,[],[5]
642,learn_on,2.000000,De,3,[],[5]
646,learn_on,2.000000,De,3,[],[5]
647,learn_on,2.000000,De,3,[],[5]
653,learn_on,2.000000,De,3,[],[5]
657,learn_on,2.000000,De,3,[],[5]
658,learn_on,2.000000,De,3,[],[5]
659,learn_on,0.000000,Po,3,[5],[5]
660,learn_on,0.000000,Po,3,[5],[5]
667,learn_on,2.000000,De,3,[],[5]
668,learn_on,2.000000,De,3,[],[5]
669,learn_on,0.000000,Po,3,[5],[5]
670,learn_on,0.000000,Po,3,[5],[5]
671,learn_on,0.000000,Po,3,[5],[5]
672,learn_on,0.000000,Po,3,[5],[5]
673,learn_on,0.000000,Po,3,[],[]
674,learn_on,0.000000,Po,3,[],[]
675,learn_on,0.000000,Po,3,[],[]
676,learn_on,2.000000,De,3,[],[5]
677,learn_on,2.000000,De,3,[],[5]
678,learn_on,0.000000,Po,3,[5],[5]
679,learn_on,0.000000,Po,3,[5],[5]
680,learn_on,0.000000,Po,3,[5],[5]
681,learn_on,2.000000,De,3,[],[5]
682,learn_on,2.000000,De,3,[],[5]
683,learn_on,2.000000,De,3,[],[5]
684,learn_on,2.000000,De,3,[],[5]
685,learn_on,2.000000,De,3,[],[5]
686,learn_on,2.000000,De,3,[],[5]
687,learn_on,0.000000,Po,3,[5],[5]
688,learn_on,0.000000,Po,3,[5],[5]
689,learn_on,0.000000,Po,3,[5],[5]
690,learn_on,0.000000,Po,3,[5],[5]
691,learn_on,0.000000,Po,3,[],[]
692,learn_on,0.000000,Po,3,[],[]
693,learn_on,2.000000,De,3,[],[5]
694,learn_on,2.000000,De,3,[],[5]
695,learn_on,0.000000,Po,3,[5],[5]
696,learn_on,0.000000,Po,3,[5],[5]
697,learn_on,0.000000,Po,3,[5],[5]
698,learn_on,0.000000,Po,3,[5],[5]
705,learn_on,0.000000,Po,3,[],[]
706,learn_on,0.000000,Po,3,[],[]
707,learn_on,0.000000,Po,3,[],[]
708,learn_on,0.000000,Po,3,[],[]
709,learn_on,2.000000,De,3,[],[5]
722,learn_on,0.000000,Po,3,[],[]
723,learn_on,2.000000,De,3,[],[5]
724,learn_on,2.000000,De,3,[],[5]
725,learn_on,2.000000,De,3,[],[5]
729,learn_on,2.000000,De,3,[],[5]
730,learn_on,2.000000,De,3,[],[5]
732,learn_on,0.000000,Po,3,[5],[5]
739,learn_on,2.000000,De,3,[],[5]
740,learn_on,2.000000,De,3,[],[5]
741,learn_on,2.000000,De,3,[],[5]
742,learn_on,0.000000,Po,3,[5],[5]
743,learn_on,0.000000,Po,3,[5],[5]
744,learn_on,2.000000,De,3,[],[5]
745,learn_on,2.000000,De,3,[],[5]
746,learn_on,0.000000,Po,3,[5],[5]
747,learn_on,0.000000,Po,3,[5],[5]
748,learn_on,0.000000,Po,3,[5],[5]
749,learn_on,0.000000,Po,3,[5],[5]
750,learn_on,2.000000,De,3,[],[5]
751,learn_on,2.000000,De,3,[],[5]
754,learn_on,2.000000,De,3,[],[5]
759,learn_on,2.000000,De,3,[],[5]
760,learn_on,2.000000,De,3,[],[5]
761,learn_on,0.000000,Po,3,[5],[5]
762,learn_on,0.000000,Po,3,[5],[5]
763,learn_on,0.000000,Po,3,[5],[5]
765,learn_on,0.000000,Po,3,[5],[5]
772,learn_on,2.000000,De,3,[],[5]
779,learn_on,0.000000,Po,3,[],[]
780,learn_on,2.000000,De,3,[],[5]
781,learn_on,2.000000,De,3,[],[5]
782,learn_on,0.000000,Po,3,[5],[5]
783,learn_on,2.000000,De,3,[],[5]
784,learn_on,2.000000,De,3,[],[5]
785,learn_on,2.000000,De,3,[],[5]
786,learn_on,2.000000,De,3,[],[5]
787,learn_on,0.000000,Po,3,[5],[5]
788,learn_on,0.000000,Po,3,[5],[5]
789,learn_on,0.000000,Po,3,[5],[5]
790,learn_on,0.000000,Po,3,[5],[5]
791,learn_on,2.000000,De,3,[],[5]
792,learn_on,2.000000,De,3,[],[5]
797,learn_on,2.000000,De,3,[],[5]
798,learn_on,2.000000,De,3,[],[5]
800,learn_on,0.000000,Po,3,[5],[5]
801,learn_on,0.000000,Po,3,[5],[5]
802,learn_on,0.000000,Po,3,[5],[5]
803,learn_on,2.000000,De,3,[],[5]
804,learn_on,2.000000,De,3,[],[5]
805,learn_on,0.000000,Po,3,[5],[5]
812,learn_on,0.000000,Po,3,[],[]
813,learn_on,0.000000,Po,3,[5],[5]
814,learn_on,0.000000,Po,3,[],[]
815,learn_on,0.000000,Po,3,[],[]
818,learn_on,2.000000,De,3,[],[7]
825,learn_on,2.000000,De,3,[],[5]
826,learn_on,2.000000,De,3,[],[5]
827,learn_on,0.000000,Po,3,[5],[5]
828,learn_on,0.000000,Po,3,[5],[5]
833,learn_on,2.000000,De,3,[],[5]
834,learn_on,2.000000,De,3,[],[5]
835,learn_on,0.000000,Po,3,[5],[5]
836,learn_on,0.000000,Po,3,[5],[5]
837,learn_on,2.000000,De,3,[],[5]
838,learn_on,2.000000,De,3,[],[5]
839,learn_on,0.000000,Po,3,[5],[5]
840,learn_on,0.000000,Po,3,[5],[5]
841,learn_on,2.000000,De,3,[],[5]
842,learn_on,2.000000,De,3,[],[5]
843,learn_on,2.000000,De,3,[],[5]
844,learn_on,2.000000,De,3,[],[5]
845,learn_on,0.000000,Po,3,[5],[5]
846,learn_on,0.000000,Po,3,[5],[5]
847,learn_on,0.000000,Po,3,[5],[5]
848,learn_on,0.000000,Po,3,[5],[5]
849,learn_on,2.000000,De,3,[],[5]
850,learn_on,2.000000,De,3,[],[5]
851,learn_on,0.000000,Po,3,[5],[5]
852,learn_on,0.000000,Po,3,[5],[5]
853,learn_on,0.000000,Po,3,[5],[5]
854,learn_on,0.000000,Po,3,[5],[5]
861,learn_on,2.000000,De,3,[],[7]
862,learn_on,2.000000,De,3,[],[7]
863,learn_on,0.000000,Po,3,[7],[7]
864,learn_on,0.000000,Po,3,[],[]
865,learn_on,0.000000,Po,3,[7],[7]
866,learn_on,0.000000,Po,3,[7],[7]
867,learn_on,2.000000,De,3,[],[5]
868,learn_on,2.000000,De,3,[],[5]
875,learn_on,0.000000,Po,3,[],[]
876,learn_on,0.000000,Po,3,[],[]
877,learn_on,0.000000,Po,3,[],[]
878,learn_on,2.000000,De,3,[],[5]
879,learn_on,2.000000,De,3,[],[5]
880,learn_on,0.000000,Po,3,[5],[5]
881,learn_on,0.000000,Po,3,[5],[5]
882,learn_on,0.000000,Po,3,[5],[5]
883,learn_on,0.000000,Po,3,[5],[5]
884,learn_on,0.000000,Po,3,[],[]
885,learn_on,0.000000,Po,3,[],[]
886,learn_on,2.000000,De,3,[],[5]
887,learn_on,2.000000,De,3,[],[5]
888,learn_on,0.000000,Po,3,[5],[5]
889,learn_on,0.000000,Po,3,[5],[5]
890,learn_on,0.000000,Po,3,[5],[5]
891,learn_on,0.000000,Po,3,[5],[5]
895,learn_on,2.000000,De,3,[],[5]
897,learn_on,2.000000,De,3,[],[5]
898,learn_on,0.000000,Po,3,[5],[5]
905,learn_on,2.000000,De,3,[],[5]
906,learn_on,2.000000,De,3,[],[5]
907,learn_on,0.000000,Po,3,[5],[5]
908,learn_on,0.000000,Po,3,[5],[5]
909,learn_on,0.000000,Po,3,[5],[5]
910,learn_on,2.000000,De,3,[],[5]
911,learn_on,2.000000,De,3,[],[5]
912,learn_on,2.000000,De,3,[],[5]
913,learn_on,2.000000,De,3,[],[5]
914,learn_on,0.000000,Po,3,[5],[5]
918,learn_on,2.000000,De,3,[],[5]
919,learn_on,2.000000,De,3,[],[5]
920,learn_on,0.000000,Po,3,[5],[5]
921,learn_on,0.000000,Po,3,[5],[5]
922,learn_on,0.000000,Po,3,[5],[5]
923,learn_on,2.000000,De,3,[],[5]
924,learn_on,2.000000,De,3,[],[5]
925,learn_on,0.000000,Po,3,[5],[5]
926,learn_on,0.000000,Po,3,[5],[5]
927,learn_on,0.000000,Po,3,[5],[5]
928,learn_on,2.000000,De,3,[],[5]
929,learn_on,2.000000,De,3,[],[5]
930,learn_on,0.000000,Po,3,[5],[5]
931,learn_on,0.000000,Po,3,[5],[5]
932,learn_on,0.000000,Po,3,[5],[5]
933,learn_on,0.000000,Po,3,[5],[5]
942,learn_on,2.000000,De,3,[],[5]
943,learn_on,2.000000,De,3,[],[5]
944,learn_on,0.000000,Po,3,[5],[5]
945,learn_on,0.000000,Po,3,[5],[5]
946,learn_on,0.000000,Po,3,[5],[5]
947,learn_on,2.000000,De,3,[],[5]
948,learn_on,0.000000,Po,3,[5],[5]
949,learn_on,2.000000,De,3,[],[5]
950,learn_on,2.000000,De,3,[],[5]
951,learn_on,2.000000,De,3,[],[5]
952,learn_on,0.000000,Po,3,[5],[5]
953,learn_on,0.000000,Po,3,[5],[5]
954,learn_on,0.000000,Po,3,[5],[5]
955,learn_on,0.000000,Po,3,[5],[5]
956,learn_on,0.000000,Po,3,[],[]
957,learn_on,2.000000,De,3,[],[7]
958,learn_on,2.000000,De,3,[],[7]
959,learn_on,0.000000,Po,3,[7],[7]
960,learn_on,0.000000,Po,3,[7],[7]
961,learn_on,0.000000,Po,3,[7],[7]
962,learn_on,0.000000,Po,3,[],[]
969,learn_on,0.000000,Po,3,[],[]
970,learn_on,2.000000,De,3,[],[5]
971,learn_on,2.000000,De,3,[],[5]
974,learn_on,2.000000,De,3,[],[5]
975,learn_on,0.000000,Po,3,[5],[5]
976,learn_on,0.000000,Po,3,[5],[5]
977,learn_on,0.000000,Po,3,[5],[5]
978,learn_on,0.000000,Po,3,[5],[5]
979,learn_on,0.000000,Po,3,[],[]
980,learn_on,2.000000,De,3,[],[5]
981,learn_on,2.000000,De,3,[],[5]
982,learn_on,2.000000,De,3,[],[5]
983,learn_on,2.000000,De,3,[],[5]
984,learn_on,0.000000,Po,3,[5],[5]
985,learn_on,0.000000,Po,3,[5],[5]
986,learn_on,0.000000,Po,3,[5],[5]
987,learn_on,0.000000,Po,3,[5],[5]
988,learn_on,2.000000,De,3,[],[7]
989,learn_on,2.000000,De,3,[],[7]
990,learn_on,0.000000,Po,3,[7],[7]
991,learn_on,0.000000,Po,3,[7],[7]
992,learn_on,0.000000,Po,3,[7],[7]
993,learn_on,0.000000,Po,3,[],[]
994,learn_on,0.000000,Po,3,[],[]
995,learn_on,0.000000,Po,3,[],[]
996,learn_on,0.000000,Po,3,[],[]
999,learn_on,2.000000,De,3,[],[5]
1000,learn_on,2.000000,De,3,[],[5]
1,frozen,2.000000,De,1,[],[7]
2,frozen,0.000000,Po,2,[],[]
3,frozen,0.000000,Po,2,[],[]
4,frozen,2.000000,De,2,[],[7]
5,frozen,0.000000,Po,2,[7],[7]
6,frozen,0.000000,Po,2,[7],[7]
7,frozen,0.000000,Po,2,[],[]
8,frozen,0.000000,Po,2,[7],[7]
13,frozen,2.000000,De,3,[],[5]
14,frozen,2.000000,De,3,[],[5]
15,frozen,0.000000,Po,3,[5],[5]
16,frozen,0.000000,Po,3,[5],[5]
18,frozen,0.000000,Po,3,[5],[5]
19,frozen,2.000000,De,3,[],[5]
20,frozen,2.000000,De,3,[],[5]
21,frozen,2.000000,De,3,[],[5]
22,frozen,2.000000,De,3,[],[5]
23,frozen,2.000000,De,3,[],[5]
24,frozen,0.000000,Po,3,[5],[5]
25,frozen,0.000000,Po,3,[5],[5]
26,frozen,0.000000,Po,3,[5],[5]
27,frozen,0.000000,Po,3,[5],[5]
28,frozen,2.000000,De,3,[],[7]
29,frozen,2.000000,De,3,[],[7]
30,frozen,0.000000,Po,3,[],[]
31,frozen,0.000000,Po,3,[7],[7]
32,frozen,0.000000,Po,3,[],[]
33,frozen,0.000000,Po,3,[7],[7]
34,frozen,0.000000,Po,3,[],[]
35,frozen,0.000000,Po,3,[],[]
36,frozen,0.000000,Po,3,[],[]
37,frozen,0.000000,Po,3,[],[]
38,frozen,0.000000,Po,3,[],[]
39,frozen,2.000000,De,3,[],[5]
40,frozen,2.000000,De,3,[],[5]
41,frozen,2.000000,De,3,[],[5]
42,frozen,0.000000,Po,3,[5],[5]
43,frozen,0.000000,Po,3,[5],[5]
44,frozen,2.000000,De,3,[],[5]
45,frozen,2.000000,De,3,[],[5]
46,frozen,0.000000,Po,3,[5],[5]
47,frozen,2.000000,De,3,[],[5]
48,frozen,2.000000,De,3,[],[5]
49,frozen,0.000000,Po,3,[5],[5]
50,frozen,0.000000,Po,3,[5],[5]
51,frozen,0.000000,Po,3,[5],[5]
52,frozen,0.000000,Po,3,[5],[5]
53,frozen,2.000000,De,3,[],[7]
54,frozen,2.000000,De,3,[],[7]
55,frozen,0.000000,Po,3,[7],[7]
56,frozen,0.000000,Po,3,[7],[7]
57,frozen,0.000000,Po,3,[7],[7]
58,frozen,0.000000,Po,3,[7],[7]
59,frozen,0.000000,Po,3,[],[]
60,frozen,2.000000,De,3,[],[5]
65,frozen,2.000000,De,3,[],[5]
66,frozen,2.000000,De,3,[],[5]
67,frozen,0.000000,Po,3,[5],[5]
68,frozen,0.000000,Po,3,[5],[5]
69,frozen,0.000000,Po,3,[5],[5]
70,frozen,0.000000,Po,3,[5],[5]
71,frozen,0.000000,Po,3,[5],[5]
72,frozen,0.000000,Po,3,[],[]
73,frozen,2.000000,De,3,[],[5]
74,frozen,2.000000,De,3,[],[5]
75,frozen,0.000000,Po,3,[5],[5]
76,frozen,0.000000,Po,3,[5],[5]
77,frozen,0.000000,Po,3,[5],[5]
78,frozen,0.000000,Po,3,[5],[5]
79,frozen,2.000000,De,3,[],[5]
80,frozen,2.000000,De,3,[],[5]
81,frozen,2.000000,De,3,[],[5]
82,frozen,2.000000,De,3,[],[5]
83,frozen,0.000000,Po,3,[5],[5]
84,frozen,0.000000,Po,3,[5],[5]
85,frozen,0.000000,Po,3,[5],[5]
86,frozen,0.000000,Po,3,[5],[5]
87,frozen,0.000000,Po,3,[],[]
88,frozen,2.000000,De,3,[],[5]
89,frozen,2.000000,De,3,[],[5]
90,frozen,0.000000,Po,3,[5],[5]
91,frozen,0.000000,Po,3,[5],[5]
92,frozen,0.000000,Po,3,[5],[5]
93,frozen,0.000000,Po,3,[5],[5]
94,frozen,0.000000,Po,3,[],[]
95,frozen,2.000000,De,3,[],[5]
96,frozen,2.000000,De,3,[],[5]
103,frozen,0.000000,Po,3,[],[]
110,frozen,0.000000,Po,3,[],[]
111,frozen,0.000000,Po,3,[],[]
112,frozen,2.000000,De,3,[],[5]
113,frozen,2.000000,De,3,[],[5]
114,frozen,0.000000,Po,3,[5],[5]
115,frozen,2.000000,De,3,[],[5]
116,frozen,2.000000,De,3,[],[5]
117,frozen,0.000000,Po,3,[5],[5]
124,frozen,2.000000,De,3,[],[5]
125,frozen,2.000000,De,3,[],[5]
126,frozen,0.000000,Po,3,[5],[5]
127,frozen,2.000000,De,3,[],[5]
132,frozen,2.000000,De,3,[],[5]
133,frozen,2.000000,De,3,[],[5]
134,frozen,0.000000,Po,3,[5],[5]
135,frozen,0.000000,Po,3,[5],[5]
136,frozen,0.000000,Po,3,[5],[5]
137,frozen,0.000000,Po,3,[5],[5]
138,frozen,2.000000,De,3,[],[5]
139,frozen,2.000000,De,3,[],[5]
146,frozen,0.000000,Po,3,[5],[5]
147,frozen,2.000000,De,3,[],[5]
148,frozen,2.000000,De,3,[],[5]
149,frozen,2.000000,De,3,[],[5]
152,frozen,2.000000,De,3,[],[5]
153,frozen,2.000000,De,3,[],[5]
154,frozen,2.000000,De,3,[],[5]
155,frozen,2.000000,De,3,[],[5]
156,frozen,0.000000,Po,3,[5],[5]
157,frozen,0.000000,Po,3,[5],[5]
158,frozen,0.000000,Po,3,[5],[5]
159,frozen,0.000000,Po,3,[5],[5]
160,frozen,2.000000,De,3,[],[7]
161,frozen,0.000000,Po,3,[],[]
162,frozen,2.000000,De,3,[],[7]
163,frozen,0.000000,Po,3,[],[]
164,frozen,0.000000,Po,3,[7],[7]
165,frozen,0.000000,Po,3,[7],[7]
166,frozen,0.000000,Po,3,[7],[7]
173,frozen,0.000000,Po,3,[],[]
174,frozen,0.000000,Po,3,[],[]
175,frozen,0.000000,Po,3,[],[]
177,frozen,2.000000,De,3,[],[5]
178,frozen,2.000000,De,3,[],[5]
179,frozen,2.000000,De,3,[],[5]
180,frozen,2.000000,De,3,[],[5]
181,frozen,0.000000,Po,3,[5],[5]
182,frozen,0.000000,Po,3,[5],[5]
183,frozen,0.000000,Po,3,[5],[5]
184,frozen,0.000000,Po,3,[5],[5]
185,frozen,2.000000,De,3,[],[5]
186,frozen,2.000000,De,3,[],[5]
187,frozen,0.000000,Po,3,[5],[5]
188,frozen,0.000000,Po,3,[5],[5]
189,frozen,0.000000,Po,3,[5],[5]
190,frozen,0.000000,Po,3,[5],[5]
191,frozen,0.000000,Po,3,[],[]
192,frozen,2.000000,De,3,[],[5]
193,frozen,2.000000,De,3,[],[5]
194,frozen,0.000000,Po,3,[5],[5]
195,frozen,0.000000,Po,3,[5],[5]
196,frozen,0.000000,Po,3,[5],[5]
197,frozen,0.000000,Po,3,[5],[5]
198,frozen,2.000000,De,3,[],[5]
199,frozen,2.000000,De,3,[],[5]
200,frozen,0.000000,Po,3,[5],[5]
204,frozen,2.000000,De,3,[],[5]
205,frozen,2.000000,De,3,[],[5]
206,frozen,0.000000,Po,3,[5],[5]
208,frozen,0.000000,Po,3,[5],[5]
209,frozen,0.000000,Po,3,[5],[5]
210,frozen,0.000000,Po,3,[],[]
211,frozen,2.000000,De,3,[],[5]
212,frozen,2.000000,De,3,[],[5]
213,frozen,0.000000,Po,3,[5],[5]
214,frozen,0.000000,Po,3,[5],[5]
215,frozen,0.000000,Po,3,[5],[5]
219,frozen,2.000000,De,3,[],[5]
220,frozen,2.000000,De,3,[],[5]
222,frozen,0.000000,Po,3,[5],[5]
223,frozen,0.000000,Po,3,[5],[5]
224,frozen,0.000000,Po,3,[5],[5]
225,frozen,0.500000,Na,3,[5],[7]
226,frozen,0.000000,Po,3,[],[]
227,frozen,2.000000,De,3,[],[5]
234,frozen,0.000000,Po,3,[],[]
235,frozen,0.000000,Po,3,[],[]
236,frozen,0.000000,Po,3,[],[]
237,frozen,2.000000,De,3,[],[5]
238,frozen,2.000000,De,3,[],[5]
239,frozen,2.000000,De,3,[],[5]
246,frozen,0.000000,Po,3,[],[]
247,frozen,0.000000,Po,3,[],[]
248,frozen,2.000000,De,3,[],[5]
249,frozen,2.000000,De,3,[],[5]
250,frozen,0.000000,Po,3,[5],[5]
251,frozen,0.000000,Po,3,[5],[5]
252,frozen,0.000000,Po,3,[5],[5]
253,frozen,0.000000,Po,3,[5],[5]
254,frozen,2.000000,De,3,[],[5]
260,frozen,2.000000,De,3,[],[5]
261,frozen,2.000000,De,3,[],[5]
262,frozen,0.000000,Po,3,[5],[5]
263,frozen,0.000000,Po,3,[5],[5]
264,frozen,0.000000,Po,3,[5],[5]
265,frozen,2.000000,De,3,[],[5]
266,frozen,2.000000,De,3,[],[5]
267,frozen,0.000000,Po,3,[5],[5]
268,frozen,0.000000,Po,3,[5],[5]
269,frozen,0.000000,Po,3,[5],[5]
270,frozen,0.000000,Po,3,[5],[5]
271,frozen,0.000000,Po,3,[],[]
272,frozen,0.000000,Po,3,[],[]
273,frozen,0.000000,Po,3,[],[]
274,frozen,0.000000,Po,3,[],[]
281,frozen,2.000000,De,3,[],[5]
285,frozen,2.000000,De,3,[],[5]
288,frozen,2.000000,De,3,[],[5]
289,frozen,2.000000,De,3,[],[5]
290,frozen,0.000000,Po,3,[5],[5]
291,frozen,0.000000,Po,3,[5],[5]
292,frozen,0.000000,Po,3,[5],[5]
293,frozen,0.000000,Po,3,[5],[5]
294,frozen,0.000000,Po,3,[],[]
295,frozen,2.000000,De,3,[],[5]
296,frozen,2.000000,De,3,[],[5]
297,frozen,2.000000,De,3,[],[5]
298,frozen,2.000000,De,3,[],[5]
299,frozen,0.000000,Po,3,[5],[5]
300,frozen,0.000000,Po,3,[5],[5]
301,frozen,2.000000,De,3,[],[5]
302,frozen,2.000000,De,3,[],[5]
303,frozen,0.000000,Po,3,[5],[5]
304,frozen,0.000000,Po,3,[5],[5]
305,frozen,0.000000,Po,3,[5],[5]
306,frozen,0.000000,Po,3,[5],[5]
309,frozen,2.000000,De,3,[],[5]
310,frozen,2.000000,De,3,[],[5]
311,frozen,2.000000,De,3,[],[5]
312,frozen,2.000000,De,3,[],[5]
313,frozen,0.000000,Po,3,[5],[5]
314,frozen,0.000000,Po,3,[5],[5]
315,frozen,0.000000,Po,3,[5],[5]
316,frozen,0.000000,Po,3,[5],[5]
317,frozen,2.000000,De,3,[],[5]
318,frozen,2.000000,De,3,[],[5]
319,frozen,2.000000,De,3,[],[5]
320,frozen,0.000000,Po,3,[5],[5]
321,frozen,0.000000,Po,3,[5],[5]
322,frozen,0.000000,Po,3,[5],[5]
323,frozen,0.000000,Po,3,[5],[5]
324,frozen,2.000000,De,3,[],[5]
325,frozen,2.000000,De,3,[],[5]
326,frozen,0.000000,Po,3,[5],[5]
327,frozen,2.000000,De,3,[],[5]
328,frozen,2.000000,De,3,[],[5]
329,frozen,0.000000,Po,3,[5],[5]
330,frozen,0.000000,Po,3,[5],[5]
331,frozen,0.000000,Po,3,[5],[5]
332,frozen,0.000000,Po,3,[5],[5]
333,frozen,2.000000,De,3,[],[7]
335,frozen,2.000000,De,3,[],[7]
336,frozen,0.500000,Na,3,[7],[5]
337,frozen,2.000000,De,3,[],[7]
338,frozen,0.000000,Po,3,[7],[7]
339,frozen,0.000000,Po,3,[7],[7]
346,frozen,0.000000,Po,3,[],[]
347,frozen,0.000000,Po,3,[],[]
348,frozen,0.000000,Po,3,[],[]
349,frozen,2.000000,De,3,[],[5]
350,frozen,2.000000,De,3,[],[5]
351,frozen,0.000000,Po,3,[5],[5]
352,frozen,0.000000,Po,3,[5],[5]
353,frozen,0.000000,Po,3,[5],[5]
354,frozen,0.000000,Po,3,[5],[5]
358,frozen,2.000000,De,3,[],[5]
362,frozen,2.000000,De,3,[],[5]
363,frozen,2.000000,De,3,[],[5]
370,frozen,0.000000,Po,3,[5],[5]
371,frozen,0.000000,Po,3,[],[]
376,frozen,2.000000,De,3,[],[5]
377,frozen,2.000000,De,3,[],[5]
378,frozen,0.000000,Po,3,[5],[5]
380,frozen,2.000000,De,3,[],[5]
381,frozen,2.000000,De,3,[],[5]
384,frozen,2.000000,De,3,[],[5]
385,frozen,2.000000,De,3,[],[5]
386,frozen,0.000000,Po,3,[5],[5]
387,frozen,0.000000,Po,3,[5],[5]
394,frozen,0.000000,Po,3,[5],[5]
395,frozen,2.000000,De,3,[],[5]
396,frozen,2.000000,De,3,[],[5]
403,frozen,0.000000,Po,3,[],[]
404,frozen,0.000000,Po,3,[5],[5]
405,frozen,0.000000,Po,3,[],[]
406,frozen,0.000000,Po,3,[],[]
407,frozen,2.000000,De,3,[],[7]
408,frozen,0.000000,Po,3,[],[]
409,frozen,2.000000,De,3,[],[7]
410,frozen,0.000000,Po,3,[7],[7]
411,frozen,0.000000,Po,3,[7],[7]
412,frozen,0.000000,Po,3,[7],[7]
413,frozen,0.000000,Po,3,[7],[7]
414,frozen,0.000000,Po,3,[],[]
415,frozen,2.000000,De,3,[],[5]
416,frozen,2.000000,De,3,[],[5]
417,frozen,0.000000,Po,3,[5],[5]
418,frozen,0.000000,Po,3,[5],[5]
419,frozen,0.000000,Po,3,[5],[5]
420,frozen,0.000000,Po,3,[5],[5]
422,frozen,2.000000,De,3,[],[5]
426,frozen,2.000000,De,3,[],[5]
427,frozen,2.000000,De,3,[],[5]
434,frozen,2.000000,De,3,[],[5]
441,frozen,2.000000,De,3,[],[5]
442,frozen,2.000000,De,3,[],[5]
443,frozen,0.000000,Po,3,[5],[5]
444,frozen,0.000000,Po,3,[5],[5]
445,frozen,2.000000,De,3,[],[5]
446,frozen,2.000000,De,3,[],[5]
447,frozen,2.000000,De,3,[],[5]
453,frozen,2.000000,De,3,[],[5]
454,frozen,2.000000,De,3,[],[5]
455,frozen,0.000000,Po,3,[5],[5]
462,frozen,2.000000,De,3,[],[5]
464,frozen,2.000000,De,3,[],[5]
465,frozen,2.000000,De,3,[],[5]
467,frozen,2.000000,De,3,[],[5]
468,frozen,2.000000,De,3,[],[5]
469,frozen,0.000000,Po,3,[5],[5]
470,frozen,0.000000,Po,3,[5],[5]
471,frozen,0.000000,Po,3,[5],[5]
472,frozen,0.000000,Po,3,[5],[5]
473,frozen,0.000000,Po,3,[],[]
474,frozen,0.000000,Po,3,[],[]
475,frozen,0.000000,Po,3,[],[]
476,frozen,2.000000,De,3,[],[5]
477,frozen,2.000000,De,3,[],[5]
480,frozen,2.000000,De,3,[],[5]
481,frozen,2.000000,De,3,[],[5]
482,frozen,0.000000,Po,3,[5],[5]
483,frozen,0.000000,Po,3,[5],[5]
486,frozen,2.000000,De,3,[],[5]
487,frozen,2.000000,De,3,[],[5]
488,frozen,0.000000,Po,3,[5],[5]
489,frozen,0.000000,Po,3,[5],[5]
490,frozen,0.000000,Po,3,[5],[5]
491,frozen,0.000000,Po,3,[5],[5]
493,frozen,2.000000,De,3,[],[5]
494,frozen,2.000000,De,3,[],[5]
499,frozen,2.000000,De,3,[],[5]
500,frozen,2.000000,De,3,[],[5]
501,frozen,2.000000,De,3,[],[5]
502,frozen,2.000000,De,3,[],[5]
505,frozen,2.000000,De,3,[],[5]
506,frozen,2.000000,De,3,[],[5]
507,frozen,0.000000,Po,3,[5],[5]
508,frozen,0.000000,Po,3,[5],[5]
509,frozen,0.000000,Po,3,[5],[5]
510,frozen,2.000000,De,3,[],[5]
511,frozen,2.000000,De,3,[],[5]
512,frozen,2.000000,De,3,[],[5]
513,frozen,0.000000,Po,3,[5],[5]
514,frozen,0.000000,Po,3,[5],[5]
515,frozen,0.000000,Po,3,[5],[5]
522,frozen,0.000000,Po,3,[],[]
523,frozen,2.000000,De,3,[],[5]
524,frozen,2.000000,De,3,[],[5]
525,frozen,0.000000,Po,3,[5],[5]
526,frozen,0.000000,Po,3,[5],[5]
527,frozen,2.000000,De,3,[],[5]
528,frozen,2.000000,De,3,[],[5]
529,frozen,0.000000,Po,3,[5],[5]
530,frozen,2.000000,De,3,[],[5]
531,frozen,2.000000,De,3,[],[5]
532,frozen,2.000000,De,3,[],[5]
533,frozen,0.000000,Po,3,[5],[5]
534,frozen,0.000000,Po,3,[5],[5]
535,frozen,0.000000,Po,3,[5],[5]
536,frozen,0.000000,Po,3,[5],[5]
537,frozen,2.000000,De,3,[],[5]
539,frozen,2.000000,De,3,[],[5]
540,frozen,2.000000,De,3,[],[5]
542,frozen,2.000000,De,3,[],[5]
543,frozen,2.000000,De,3,[],[5]
544,frozen,0.000000,Po,3,[5],[5]
545,frozen,0.000000,Po,3,[5],[5]
546,frozen,0.000000,Po,3,[5],[5]
547,frozen,0.000000,Po,3,[5],[5]
548,frozen,0.000000,Po,3,[],[]
549,frozen,2.000000,De,3,[],[7]
550,frozen,2.000000,De,3,[],[7]
551,frozen,0.000000,Po,3,[],[]
552,frozen,0.000000,Po,3,[7],[7]
553,frozen,0.000000,Po,3,[],[]
554,frozen,0.000000,Po,3,[],[]
555,frozen,2.000000,De,3,[],[5]
556,frozen,2.000000,De,3,[],[5]
557,frozen,0.000000,Po,3,[5],[5]
564,frozen,0.000000,Po,3,[],[]
565,frozen,2.000000,De,3,[],[5]
566,frozen,2.000000,De,3,[],[5]
567,frozen,2.000000,De,3,[],[5]
568,frozen,0.000000,Po,3,[5],[5]
569,frozen,0.000000,Po,3,[5],[5]
570,frozen,0.000000,Po,3,[5],[5]
571,frozen,0.000000,Po,3,[5],[5]
572,frozen,0.000000,Po,3,[],[]
573,frozen,2.000000,De,3,[],[5]
574,frozen,2.000000,De,3,[],[5]
575,frozen,0.000000,Po,3,[5],[5]
578,frozen,0.000000,Po,3,[5],[5]
582,frozen,0.000000,Po,3,[],[]
583,frozen,2.000000,De,3,[],[7]
584,frozen,2.000000,De,3,[],[7]
585,frozen,0.000000,Po,3,[],[]
586,frozen,0.000000,Po,3,[7],[7]
587,frozen,0.000000,Po,3,[7],[7]
588,frozen,0.000000,Po,3,[7],[7]
589,frozen,2.000000,De,3,[],[7]
590,frozen,2.000000,De,3,[],[7]
591,frozen,0.000000,Po,3,[7],[7]
592,frozen,0.000000,Po,3,[7],[7]
593,frozen,0.000000,Po,3,[7],[7]
594,frozen,0.000000,Po,3,[7],[7]
595,frozen,2.000000,De,3,[],[5]
596,frozen,2.000000,De,3,[],[5]
597,frozen,2.000000,De,3,[],[5]
598,frozen,0.000000,Po,3,[5],[5]
599,frozen,0.000000,Po,3,[5],[5]
600,frozen,0.000000,Po,3,[5],[5]
601,frozen,0.000000,Po,3,[5],[5]
602,frozen,2.000000,De,3,[],[5]
603,frozen,2.000000,De,3,[],[5]
604,frozen,0.000000,Po,3,[5],[5]
605,frozen,2.000000,De,3,[],[5]
606,frozen,2.000000,De,3,[],[5]
607,frozen,2.000000,De,3,[],[5]
608,frozen,0.000000,Po,3,[5],[5]
609,frozen,0.000000,Po,3,[5],[5]
610,frozen,2.000000,De,3,[],[5]
611,frozen,2.000000,De,3,[],[5]
612,frozen,2.000000,De,3,[],[5]
613,frozen,2.000000,De,3,[],[5]
614,frozen,0.000000,Po,3,[5],[5]
615,frozen,0.000000,Po,3,[5],[5]
616,frozen,0.000000,Po,3,[5],[5]
617,frozen,0.000000,Po,3,[5],[5]
620,frozen,2.000000,De,3,[],[5]
621,frozen,2.000000,De,3,[],[5]
622,frozen,2.000000,De,3,[],[5]
623,frozen,2.000000,De,3,[],[5]
630,frozen,0.000000,Po,3,[],[]
631,frozen,0.000000,Po,3,[],[]
632,frozen,2.000000,De,3,[],[7]
633,frozen,2.000000,De,3,[],[7]
634,frozen,0.000000,Po,3,[7],[7]
635,frozen,0.000000,Po,3,[7],[7]
636,frozen,0.000000,Po,3,[7],[7]
637,frozen,0.000000,Po,3,[7],[7]
638,frozen,0.000000,Po,3,[5],[5]
639,frozen,2.000000,De,3,[],[5]
640,frozen,2.000000,De,3,[],[5]
641,frozen,2.000000,De,3,[],[5]
642,frozen,2.000000,De,3,[],[5]
646,frozen,2.000000,De,3,[],[5]
647,frozen,2.000000,De,3,[],[5]
653,frozen,2.000000,De,3,[],[5]
657,frozen,2.000000,De,3,[],[5]
658,frozen,2.000000,De,3,[],[5]
659,frozen,0.000000,Po,3,[5],[5]
660,frozen,0.000000,Po,3,[5],[5]
667,frozen,2.000000,De,3,[],[5]
668,frozen,2.000000,De,3,[],[5]
669,frozen,0.000000,Po,3,[5],[5]
670,frozen,0.000000,Po,3,[5],[5]
671,frozen,0.000000,Po,3,[5],[5]
672,frozen,0.000000,Po,3,[5],[5]
673,frozen,0.000000,Po,3,[],[]
674,frozen,0.000000,Po,3,[],[]
675,frozen,0.000000,Po,3,[],[]
676,frozen,2.000000,De,3,[],[5]
677,frozen,2.000000,De,3,[],[5]
678,frozen,0.000000,Po,3,[5],[5]
679,frozen,0.000000,Po,3,[5],[5]
680,frozen,0.000000,Po,3,[5],[5]
681,frozen,2.000000,De,3,[],[5]
682,frozen,2.000000,De,3,[],[5]
683,frozen,2.000000,De,3,[],[5]
684,frozen,2.000000,De,3,[],[5]
685,frozen,2.000000,De,3,[],[5]
686,frozen,2.000000,De,3,[],[5]
687,frozen,0.000000,Po,3,[5],[5]
688,frozen,0.000000,Po,3,[5],[5]
689,frozen,0.000000,Po,3,[5],[5]
690,frozen,0.000000,Po,3,[5],[5]
691,frozen,0.000000,Po,3,[],[]
692,frozen,0.000000,Po,3,[],[]
693,frozen,2.000000,De,3,[],[5]
694,frozen,2.000000,De,3,[],[5]
695,frozen,0.000000,Po,3,[5],[5]
696,frozen,0.000000,Po,3,[5],[5]
697,frozen,0.000000,Po,3,[5],[5]
698,frozen,0.000000,Po,3,[5],[5]
705,frozen,0.000000,Po,3,[],[]
706,frozen,0.000000,Po,3,[],[]
707,frozen,0.000000,Po,3,[],[]
708,frozen,0.000000,Po,3,[],[]
709,frozen,2.000000,De,3,[],[5]
722,frozen,0.000000,Po,3,[],[]
723,frozen,2.000000,De,3,[],[5]
724,frozen,2.000000,De,3,[],[5]
725,frozen,2.000000,De,3,[],[5]
729,frozen,2.000000,De,3,[],[5]
730,frozen,2.000000,De,3,[],[5]
732,frozen,0.000000,Po,3,[5],[5]
739,frozen,2.000000,De,3,[],[5]
740,frozen,2.000000,De,3,[],[5]
741,frozen,2.000000,De,3,[],[5]
742,frozen,0.000000,Po,3,[5],[5]
743,frozen,0.000000,Po,3,[5],[5]
744,frozen,2.000000,De,3,[],[5]
745,frozen,2.000000,De,3,[],[5]
746,frozen,0.000000,Po,3,[5],[5]
747,frozen,0.000000,Po,3,[5],[5]
748,frozen,0.000000,Po,3,[5],[5]
749,frozen,0.000000,Po,3,[5],[5]
750,frozen,2.000000,De,3,[],[5]
751,frozen,2.000000,De,3,[],[5]
754,frozen,2.000000,De,3,[],[5]
759,frozen,2.000000,De,3,[],[5]
760,frozen,2.000000,De,3,[],[5]
761,frozen,0.000000,Po,3,[5],[5]
762,frozen,0.000000,Po,3,[5],[5]
763,frozen,0.000000,Po,3,[5],[5]
765,frozen,0.000000,Po,3,[5],[5]
772,frozen,2.000000,De,3,[],[5]
779,frozen,0.000000,Po,3,[],[]
780,frozen,2.000000,De,3,[],[5]
781,frozen,2.000000,De,3,[],[5]
782,frozen,0.000000,Po,3,[5],[5]
783,frozen,2.000000,De,3,[],[5]
784,frozen,2.000000,De,3,[],[5]
785,frozen,2.000000,De,3,[],[5]
786,frozen,2.000000,De,3,[],[5]
787,frozen,0.000000,Po,3,[5],[5]
788,frozen,0.000000,Po,3,[5],[5]
789,frozen,0.000000,Po,3,[5],[5]
790,frozen,0.000000,Po,3,[5],[5]
791,frozen,2.000000,De,3,[],[5]
792,frozen,2.000000,De,3,[],[5]
797,frozen,2.000000,De,3,[],[5]
798,frozen,2.000000,De,3,[],[5]
800,frozen,0.000000,Po,3,[5],[5]
801,frozen,0.000000,Po,3,[5],[5]
802,frozen,0.000000,Po,3,[5],[5]
803,frozen,2.000000,De,3,[],[5]
804,frozen,2.000000,De,3,[],[5]
805,frozen,0.000000,Po,3,[5],[5]
812,frozen,0.000000,Po,3,[],[]
813,frozen,0.000000,Po,3,[5],[5]
814,frozen,0.000000,Po,3,[],[]
815,frozen,0.000000,Po,3,[],[]
818,frozen,2.000000,De,3,[],[7]
825,frozen,2.000000,De,3,[],[5]
826,frozen,2.000000,De,3,[],[5]
827,frozen,0.000000,Po,3,[5],[5]
828,frozen,0.000000,Po,3,[5],[5]
833,frozen,2.000000,De,3,[],[5]
834,frozen,2.000000,De,3,[],[5]
835,frozen,0.000000,Po,3,[5],[5]
836,frozen,0.000000,Po,3,[5],[5]
837,frozen,2.000000,De,3,[],[5]
838,frozen,2.000000,De,3,[],[5]
839,frozen,0.000000,Po,3,[5],[5]
840,frozen,0.000000,Po,3,[5],[5]
841,frozen,2.000000,De,3,[],[5]
842,frozen,2.000000,De,3,[],[5]
843,frozen,2.000000,De,3,[],[5]
844,frozen,2.000000,De,3,[],[5]
845,frozen,0.000000,Po,3,[5],[5]
846,frozen,0.000000,Po,3,[5],[5]
847,frozen,0.000000,Po,3,[5],[5]
848,frozen,0.000000,Po,3,[5],[5]
849,frozen,2.000000,De,3,[],[5]
850,frozen,2.000000,De,3,[],[5]
851,frozen,0.000000,Po,3,[5],[5]
852,frozen,0.000000,Po,3,[5],[5]
853,frozen,0.000000,Po,3,[5],[5]
854,frozen,0.000000,Po,3,[5],[5]
861,frozen,2.000000,De,3,[],[7]
862,frozen,2.000000,De,3,[],[7]
863,frozen,0.000000,Po,3,[7],[7]
864,frozen,0.000000,Po,3,[],[]
865,frozen,0.000000,Po,3,[7],[7]
866,frozen,0.000000,Po,3,[7],[7]
867,frozen,2.000000,De,3,[],[5]
868,frozen,2.000000,De,3,[],[5]
875,frozen,0.000000,Po,3,[],[]
876,frozen,0.000000,Po,3,[],[]
877,frozen,0.000000,Po,3,[],[]
878,frozen,2.000000,De,3,[],[5]
879,frozen,2.000000,De,3,[],[5]
880,frozen,0.000000,Po,3,[5],[5]
881,frozen,0.000000,Po,3,[5],[5]
882,frozen,0.000000,Po,3,[5],[5]
883,frozen,0.000000,Po,3,[5],[5]
884,frozen,0.000000,Po,3,[],[]
885,frozen,0.000000,Po,3,[],[]
886,frozen,2.000000,De,3,[],[5]
887,frozen,2.000000,De,3,[],[5]
888,frozen,0.000000,Po,3,[5],[5]
889,frozen,0.000000,Po,3,[5],[5]
890,frozen,0.000000,Po,3,[5],[5]
891,frozen,0.000000,Po,3,[5],[5]
895,frozen,2.000000,De,3,[],[5]
897,frozen,2.000000,De,3,[],[5]
898,frozen,0.000000,Po,3,[5],[5]
905,frozen,2.000000,De,3,[],[5]
906,frozen,2.000000,De,3,[],[5]
907,frozen,0.000000,Po,3,[5],[5]
908,frozen,0.000000,Po,3,[5],[5]
909,frozen,0.000000,Po,3,[5],[5]
910,frozen,2.000000,De,3,[],[5]
911,frozen,2.000000,De,3,[],[5]
912,frozen,2.000000,De,3,[],[5]
913,frozen,2.000000,De,3,[],[5]
914,frozen,0.000000,Po,3,[5],[5]
918,frozen,2.000000,De,3,[],[5]
919,frozen,2.000000,De,3,[],[5]
920,frozen,0.000000,Po,3,[5],[5]
921,frozen,0.000000,Po,3,[5],[5]
922,frozen,0.000000,Po,3,[5],[5]
923,frozen,2.000000,De,3,[],[5]
924,frozen,2.000000,De,3,[],[5]
925,frozen,0.000000,Po,3,[5],[5]
926,frozen,0.000000,Po,3,[5],[5]
927,frozen,0.000000,Po,3,[5],[5]
928,frozen,2.000000,De,3,[],[5]
929,frozen,2.000000,De,3,[],[5]
930,frozen,0.000000,Po,3,[5],[5]
931,frozen,0.000000,Po,3,[5],[5]
932,frozen,0.000000,Po,3,[5],[5]
933,frozen,0.000000,Po,3,[5],[5]
942,frozen,2.000000,De,3,[],[5]
943,frozen,2.000000,De,3,[],[5]
944,frozen,0.000000,Po,3,[5],[5]
945,frozen,0.000000,Po,3,[5],[5]
946,frozen,0.000000,Po,3,[5],[5]
947,frozen,2.000000,De,3,[],[5]
948,frozen,0.000000,Po,3,[5],[5]
949,frozen,2.000000,De,3,[],[5]
950,frozen,2.000000,De,3,[],[5]
951,frozen,2.000000,De,3,[],[5]
952,frozen,0.000000,Po,3,[5],[5]
953,frozen,0.000000,Po,3,[5],[5]
954,frozen,0.000000,Po,3,[5],[5]
955,frozen,0.000000,Po,3,[5],[5]
956,frozen,0.000000,Po,3,[],[]
957,frozen,2.000000,De,3,[],[7]
958,frozen,2.000000,De,3,[],[7]
959,frozen,0.000000,Po,3,[7],[7]
960,frozen,0.000000,Po,3,[7],[7]
961,frozen,0.000000,Po,3,[7],[7]
962,frozen,0.000000,Po,3,[],[]
969,frozen,0.000000,Po,3,[],[]
970,frozen,2.000000,De,3,[],[5]
971,frozen,2.000000,De,3,[],[5]
974,frozen,2.000000,De,3,[],[5]
975,frozen,0.000000,Po,3,[5],[5]
976,frozen,0.000000,Po,3,[5],[5]
977,frozen,0.000000,Po,3,[5],[5]
978,frozen,0.000000,Po,3,[5],[5]
979,frozen,0.000000,Po,3,[],[]
980,frozen,2.000000,De,3,[],[5]
981,frozen,2.000000,De,3,[],[5]
982,frozen,2.000000,De,3,[],[5]
983,frozen,2.000000,De,3,[],[5]
984,frozen,0.000000,Po,3,[5],[5]
985,frozen,0.000000,Po,3,[5],[5]
986,frozen,0.000000,Po,3,[5],[5]
987,frozen,0.000000,Po,3,[5],[5]
988,frozen,2.000000,De,3,[],[7]
989,frozen,2.000000,De,3,[],[7]
990,frozen,0.000000,Po,3,[7],[7]
991,frozen,0.000000,Po,3,[7],[7]
992,frozen,0.000000,Po,3,[7],[7]
993,frozen,0.000000,Po,3,[],[]
994,frozen,0.000000,Po,3,[],[]
995,frozen,0.000000,Po,3,[],[]
996,frozen,0.000000,Po,3,[],[]
999,frozen,2.000000,De,3,[],[5]
1000,frozen,2.000000,De,3,[],[5]
