step,run_type,err,lane,handle_count
1,learn_on,2.000000,De,0
2,learn_on,0.000000,Po,0
3,learn_on,0.000000,Po,0
4,learn_on,2.000000,De,0
5,learn_on,2.000000,De,0
6,learn_on,2.000000,De,1
7,learn_on,0.000000,Po,1
8,learn_on,2.000000,De,1
9,learn_on,2.000000,De,1
10,learn_on,2.000000,De,1
11,learn_on,2.000000,De,1
12,learn_on,0.000000,Po,1
13,learn_on,2.000000,De,2
14,learn_on,0.000000,Po,2
15,learn_on,2.000000,De,2
16,learn_on,0.000000,Po,2
17,learn_on,0.000000,Po,2
18,learn_on,0.000000,Po,2
19,learn_on,0.000000,Po,2
20,learn_on,0.000000,Po,2
21,learn_on,0.000000,Po,2
22,learn_on,0.000000,Po,2
23,learn_on,2.000000,De,2
24,learn_on,2.000000,De,2
25,learn_on,4.000000,De,2
26,learn_on,2.000000,De,2
27,learn_on,2.000000,De,2
28,learn_on,2.000000,De,2
29,learn_on,2.000000,De,3
30,learn_on,2.000000,De,3
31,learn_on,2.000000,De,3
32,learn_on,2.000000,De,3
33,learn_on,2.000000,De,3
34,learn_on,2.000000,De,3
35,learn_on,2.000000,De,3
36,learn_on,2.000000,De,3
37,learn_on,2.000000,De,3
38,learn_on,2.000000,De,3
39,learn_on,2.000000,De,3
40,learn_on,2.000000,De,3
41,learn_on,0.000000,Po,3
42,learn_on,2.000000,De,3
43,learn_on,4.000000,De,3
44,learn_on,4.000000,De,3
45,learn_on,4.000000,De,3
46,learn_on,4.000000,De,3
47,learn_on,2.000000,De,3
48,learn_on,2.000000,De,3
49,learn_on,2.000000,De,3
50,learn_on,2.000000,De,3
51,learn_on,2.000000,De,3
52,learn_on,2.000000,De,3
53,learn_on,2.000000,De,3
54,learn_on,2.000000,De,3
55,learn_on,0.000000,Po,3
56,learn_on,0.000000,Po,3
57,learn_on,0.000000,Po,3
58,learn_on,0.000000,Po,3
59,learn_on,2.000000,De,3
60,learn_on,2.000000,De,3
61,learn_on,2.000000,De,3
62,learn_on,2.000000,De,3
63,learn_on,4.000000,De,3
64,learn_on,4.000000,De,3
65,learn_on,4.000000,De,3
66,learn_on,4.000000,De,3
67,learn_on,4.000000,De,3
68,learn_on,0.000000,Po,3
69,learn_on,0.000000,Po,3
70,learn_on,0.000000,Po,3
71,learn_on,0.000000,Po,3
72,learn_on,2.000000,De,3
73,learn_on,2.000000,De,3
74,learn_on,2.000000,De,3
75,learn_on,2.000000,De,3
76,learn_on,2.000000,De,3
77,learn_on,2.000000,De,3
78,learn_on,2.000000,De,3
79,learn_on,2.000000,De,3
80,learn_on,0.000000,Po,3
81,learn_on,0.000000,Po,3
82,learn_on,0.000000,Po,3
83,learn_on,0.000000,Po,3
84,learn_on,0.000000,Po,3
85,learn_on,2.000000,De,3
86,learn_on,2.000000,De,3
87,learn_on,2.000000,De,3
88,learn_on,2.000000,De,3
89,learn_on,2.000000,De,3
90,learn_on,2.000000,De,3
91,learn_on,2.000000,De,3
92,learn_on,2.000000,De,3
93,learn_on,2.000000,De,3
94,learn_on,2.000000,De,3
95,learn_on,2.000000,De,3
96,learn_on,2.000000,De,3
97,learn_on,2.000000,De,3
98,learn_on,2.000000,De,3
99,learn_on,0.000000,Po,3
100,learn_on,0.000000,Po,3
101,learn_on,0.000000,Po,3
102,learn_on,0.000000,Po,3
103,learn_on,2.000000,De,3
104,learn_on,2.000000,De,3
105,learn_on,2.000000,De,3
106,learn_on,2.000000,De,3
107,learn_on,0.000000,Po,3
108,learn_on,2.000000,De,3
109,learn_on,0.000000,Po,3
110,learn_on,0.000000,Po,3
111,learn_on,0.000000,Po,3
112,learn_on,0.000000,Po,3
113,learn_on,2.000000,De,3
114,learn_on,2.000000,De,3
115,learn_on,2.000000,De,3
116,learn_on,2.000000,De,3
117,learn_on,2.000000,De,3
118,learn_on,0.000000,Po,3
119,learn_on,0.000000,Po,3
120,learn_on,0.000000,Po,3
121,learn_on,0.000000,Po,3
122,learn_on,0.000000,Po,3
123,learn_on,0.000000,Po,3
124,learn_on,0.000000,Po,3
125,learn_on,2.000000,De,3
126,learn_on,2.000000,De,3
127,learn_on,2.000000,De,3
128,learn_on,2.000000,De,3
129,learn_on,2.000000,De,3
130,learn_on,2.000000,De,3
131,learn_on,2.000000,De,3
132,learn_on,2.000000,De,3
133,learn_on,2.000000,De,3
134,learn_on,2.000000,De,3
135,learn_on,2.000000,De,3
136,learn_on,2.000000,De,3
137,learn_on,2.000000,De,3
138,learn_on,2.000000,De,3
139,learn_on,2.000000,De,3
140,learn_on,0.000000,Po,3
141,learn_on,0.000000,Po,3
142,learn_on,2.000000,De,3
143,learn_on,2.000000,De,3
144,learn_on,0.000000,Po,3
145,learn_on,2.000000,De,3
146,learn_on,2.000000,De,3
147,learn_on,2.000000,De,3
148,learn_on,2.000000,De,3
149,learn_on,2.000000,De,3
150,learn_on,2.000000,De,3
151,learn_on,2.000000,De,3
152,learn_on,2.000000,De,3
153,learn_on,2.000000,De,3
154,learn_on,2.000000,De,3
155,learn_on,2.000000,De,3
156,learn_on,2.000000,De,3
157,learn_on,0.000000,Po,3
158,learn_on,0.000000,Po,3
159,learn_on,0.000000,Po,3
160,learn_on,0.000000,Po,3
161,learn_on,2.000000,De,3
162,learn_on,2.000000,De,3
163,learn_on,4.000000,De,3
164,learn_on,4.000000,De,3
165,learn_on,4.000000,De,3
166,learn_on,2.000000,De,3
167,learn_on,2.000000,De,3
168,learn_on,4.000000,De,3
169,learn_on,4.000000,De,3
170,learn_on,4.000000,De,3
171,learn_on,4.000000,De,3
172,learn_on,2.000000,De,3
173,learn_on,2.000000,De,3
174,learn_on,4.000000,De,3
175,learn_on,4.000000,De,3
176,learn_on,2.000000,De,3
177,learn_on,2.000000,De,3
178,learn_on,2.000000,De,3
179,learn_on,2.000000,De,3
180,learn_on,2.000000,De,3
181,learn_on,0.000000,Po,3
182,learn_on,0.000000,Po,3
183,learn_on,0.000000,Po,3
184,learn_on,0.000000,Po,3
185,learn_on,2.000000,De,3
186,learn_on,2.000000,De,3
187,learn_on,0.000000,Po,3
188,learn_on,0.000000,Po,3
189,learn_on,0.000000,Po,3
190,learn_on,4.000000,De,3
191,learn_on,4.000000,De,3
192,learn_on,4.000000,De,3
193,learn_on,4.000000,De,3
194,learn_on,4.000000,De,3
195,learn_on,2.000000,De,3
196,learn_on,2.000000,De,3
197,learn_on,2.000000,De,3
198,learn_on,2.000000,De,3
199,learn_on,2.000000,De,3
200,learn_on,0.000000,Po,3
201,learn_on,0.000000,Po,3
202,learn_on,0.000000,Po,3
203,learn_on,2.000000,De,3
204,learn_on,2.000000,De,3
205,learn_on,2.000000,De,3
206,learn_on,2.000000,De,3
207,learn_on,2.000000,De,3
208,learn_on,2.000000,De,3
209,learn_on,4.000000,De,3
210,learn_on,4.000000,De,3
211,learn_on,2.000000,De,3
212,learn_on,0.000000,Po,3
213,learn_on,2.000000,De,3
214,learn_on,2.000000,De,3
215,learn_on,4.000000,De,3
216,learn_on,4.000000,De,3
217,learn_on,2.000000,De,3
218,learn_on,2.000000,De,3
219,learn_on,0.000000,Po,3
220,learn_on,4.000000,De,3
221,learn_on,4.000000,De,3
222,learn_on,4.000000,De,3
223,learn_on,0.000000,Po,3
224,learn_on,0.000000,Po,3
225,learn_on,0.000000,Po,3
226,learn_on,0.000000,Po,3
227,learn_on,2.000000,De,3
228,learn_on,2.000000,De,3
229,learn_on,2.000000,De,3
230,learn_on,0.000000,Po,3
231,learn_on,2.000000,De,3
232,learn_on,2.000000,De,3
233,learn_on,0.000000,Po,3
234,learn_on,0.000000,Po,3
235,learn_on,0.000000,Po,3
236,learn_on,0.000000,Po,3
237,learn_on,4.000000,De,3
238,learn_on,4.000000,De,3
239,learn_on,4.000000,De,3
240,learn_on,4.000000,De,3
241,learn_on,2.000000,De,3
242,learn_on,2.000000,De,3
243,learn_on,2.000000,De,3
244,learn_on,4.000000,De,3
245,learn_on,4.000000,De,3
246,learn_on,4.000000,De,3
247,learn_on,4.000000,De,3
248,learn_on,4.000000,De,3
249,learn_on,0.000000,Po,3
250,learn_on,0.000000,Po,3
251,learn_on,0.000000,Po,3
252,learn_on,2.000000,De,3
253,learn_on,2.000000,De,3
254,learn_on,0.000000,Po,3
255,learn_on,4.000000,De,3
256,learn_on,4.000000,De,3
257,learn_on,4.000000,De,3
258,learn_on,2.000000,De,3
259,learn_on,2.000000,De,3
260,learn_on,2.000000,De,3
261,learn_on,4.000000,De,3
262,learn_on,4.000000,De,3
263,learn_on,2.000000,De,3
264,learn_on,2.000000,De,3
265,learn_on,0.000000,Po,3
266,learn_on,0.000000,Po,3
267,learn_on,0.000000,Po,3
268,learn_on,0.000000,Po,3
269,learn_on,2.000000,De,3
270,learn_on,2.000000,De,3
271,learn_on,2.000000,De,3
272,learn_on,2.000000,De,3
273,learn_on,2.000000,De,3
274,learn_on,0.000000,Po,3
275,learn_on,0.000000,Po,3
276,learn_on,4.000000,De,3
277,learn_on,0.000000,Po,3
278,learn_on,4.000000,De,3
279,learn_on,4.000000,De,3
280,learn_on,0.000000,Po,3
281,learn_on,4.000000,De,3
282,learn_on,4.000000,De,3
283,learn_on,0.000000,Po,3
284,learn_on,0.000000,Po,3
285,learn_on,0.000000,Po,3
286,learn_on,0.000000,Po,3
287,learn_on,2.000000,De,3
288,learn_on,2.000000,De,3
289,learn_on,2.000000,De,3
290,learn_on,2.000000,De,3
291,learn_on,2.000000,De,3
292,learn_on,0.000000,Po,3
293,learn_on,0.000000,Po,3
294,learn_on,0.000000,Po,3
295,learn_on,0.000000,Po,3
296,learn_on,2.000000,De,3
297,learn_on,2.000000,De,3
298,learn_on,2.000000,De,3
299,learn_on,2.000000,De,3
300,learn_on,4.000000,De,3
301,learn_on,4.000000,De,3
302,learn_on,4.000000,De,3
303,learn_on,4.000000,De,3
304,learn_on,4.000000,De,3
305,learn_on,0.000000,Po,3
306,learn_on,0.000000,Po,3
307,learn_on,0.000000,Po,3
308,learn_on,2.000000,De,3
309,learn_on,2.000000,De,3
310,learn_on,0.000000,Po,3
311,learn_on,2.000000,De,3
312,learn_on,2.000000,De,3
313,learn_on,2.000000,De,3
314,learn_on,2.000000,De,3
315,learn_on,2.000000,De,3
316,learn_on,2.000000,De,3
317,learn_on,2.000000,De,3
318,learn_on,2.000000,De,3
319,learn_on,2.000000,De,3
320,learn_on,2.000000,De,3
321,learn_on,2.000000,De,3
322,learn_on,2.000000,De,3
323,learn_on,0.000000,Po,3
324,learn_on,0.000000,Po,3
325,learn_on,2.000000,De,3
326,learn_on,2.000000,De,3
327,learn_on,2.000000,De,3
328,learn_on,0.000000,Po,3
329,learn_on,2.000000,De,3
330,learn_on,2.000000,De,3
331,learn_on,2.000000,De,3
332,learn_on,2.000000,De,3
333,learn_on,2.000000,De,3
334,learn_on,2.000000,De,3
335,learn_on,0.000000,Po,3
336,learn_on,0.000000,Po,3
337,learn_on,0.000000,Po,3
338,learn_on,0.000000,Po,3
339,learn_on,2.000000,De,3
340,learn_on,2.000000,De,3
341,learn_on,2.000000,De,3
342,learn_on,2.000000,De,3
343,learn_on,2.000000,De,3
344,learn_on,2.000000,De,3
345,learn_on,4.000000,De,3
346,learn_on,2.000000,De,3
347,learn_on,2.000000,De,3
348,learn_on,2.000000,De,3
349,learn_on,2.000000,De,3
350,learn_on,2.000000,De,3
351,learn_on,0.000000,Po,3
352,learn_on,4.000000,De,3
353,learn_on,4.000000,De,3
354,learn_on,4.000000,De,3
355,learn_on,4.000000,De,3
356,learn_on,0.000000,Po,3
357,learn_on,0.000000,Po,3
358,learn_on,0.000000,Po,3
359,learn_on,0.000000,Po,3
360,learn_on,2.000000,De,3
361,learn_on,0.000000,Po,3
362,learn_on,2.000000,De,3
363,learn_on,0.000000,Po,3
364,learn_on,2.000000,De,3
365,learn_on,2.000000,De,3
366,learn_on,2.000000,De,3
367,learn_on,0.000000,Po,3
368,learn_on,0.000000,Po,3
369,learn_on,0.000000,Po,3
370,learn_on,0.000000,Po,3
371,learn_on,2.000000,De,3
372,learn_on,2.000000,De,3
373,learn_on,2.000000,De,3
374,learn_on,2.000000,De,3
375,learn_on,2.000000,De,3
376,learn_on,0.000000,Po,3
377,learn_on,0.000000,Po,3
378,learn_on,0.000000,Po,3
379,learn_on,0.000000,Po,3
380,learn_on,2.000000,De,3
381,learn_on,2.000000,De,3
382,learn_on,2.000000,De,3
383,learn_on,4.000000,De,3
384,learn_on,4.000000,De,3
385,learn_on,4.000000,De,3
386,learn_on,4.000000,De,3
387,learn_on,4.000000,De,3
388,learn_on,0.000000,Po,3
389,learn_on,0.000000,Po,3
390,learn_on,0.000000,Po,3
391,learn_on,0.000000,Po,3
392,learn_on,0.000000,Po,3
393,learn_on,2.000000,De,3
394,learn_on,2.000000,De,3
395,learn_on,2.000000,De,3
396,learn_on,2.000000,De,3
397,learn_on,2.000000,De,3
398,learn_on,2.000000,De,3
399,learn_on,2.000000,De,3
400,learn_on,2.000000,De,3
401,learn_on,2.000000,De,3
402,learn_on,2.000000,De,3
403,learn_on,2.000000,De,3
404,learn_on,2.000000,De,3
405,learn_on,2.000000,De,3
406,learn_on,2.000000,De,3
407,learn_on,0.000000,Po,3
408,learn_on,2.000000,De,3
409,learn_on,0.000000,Po,3
410,learn_on,0.000000,Po,3
411,learn_on,2.000000,De,3
412,learn_on,2.000000,De,3
413,learn_on,2.000000,De,3
414,learn_on,0.000000,Po,3
415,learn_on,2.000000,De,3
416,learn_on,4.000000,De,3
417,learn_on,4.000000,De,3
418,learn_on,4.000000,De,3
419,learn_on,4.000000,De,3
420,learn_on,4.000000,De,3
421,learn_on,0.000000,Po,3
422,learn_on,0.000000,Po,3
423,learn_on,0.000000,Po,3
424,learn_on,2.000000,De,3
425,learn_on,2.000000,De,3
426,learn_on,2.000000,De,3
427,learn_on,2.000000,De,3
428,learn_on,2.000000,De,3
429,learn_on,0.000000,Po,3
430,learn_on,2.000000,De,3
431,learn_on,2.000000,De,3
432,learn_on,2.000000,De,3
433,learn_on,2.000000,De,3
434,learn_on,2.000000,De,3
435,learn_on,0.000000,Po,3
436,learn_on,0.000000,Po,3
437,learn_on,0.000000,Po,3
438,learn_on,0.000000,Po,3
439,learn_on,2.000000,De,3
440,learn_on,0.000000,Po,3
441,learn_on,0.000000,Po,3
442,learn_on,2.000000,De,3
443,learn_on,2.000000,De,3
444,learn_on,2.000000,De,3
445,learn_on,2.000000,De,3
446,learn_on,0.000000,Po,3
447,learn_on,0.000000,Po,3
448,learn_on,0.000000,Po,3
449,learn_on,0.000000,Po,3
450,learn_on,4.000000,De,3
451,learn_on,4.000000,De,3
452,learn_on,4.000000,De,3
453,learn_on,2.000000,De,3
454,learn_on,2.000000,De,3
455,learn_on,2.000000,De,3
456,learn_on,2.000000,De,3
457,learn_on,2.000000,De,3
458,learn_on,0.000000,Po,3
459,learn_on,0.000000,Po,3
460,learn_on,4.000000,De,3
461,learn_on,4.000000,De,3
462,learn_on,4.000000,De,3
463,learn_on,4.000000,De,3
464,learn_on,2.000000,De,3
465,learn_on,2.000000,De,3
466,learn_on,2.000000,De,3
467,learn_on,2.000000,De,3
468,learn_on,2.000000,De,3
469,learn_on,0.000000,Po,3
470,learn_on,0.000000,Po,3
471,learn_on,4.000000,De,3
472,learn_on,2.000000,De,3
473,learn_on,2.000000,De,3
474,learn_on,2.000000,De,3
475,learn_on,4.000000,De,3
476,learn_on,4.000000,De,3
477,learn_on,4.000000,De,3
478,learn_on,4.000000,De,3
479,learn_on,2.000000,De,3
480,learn_on,2.000000,De,3
481,learn_on,2.000000,De,3
482,learn_on,0.000000,Po,3
483,learn_on,0.000000,Po,3
484,learn_on,2.000000,De,3
485,learn_on,2.000000,De,3
486,learn_on,2.000000,De,3
487,learn_on,2.000000,De,3
488,learn_on,2.000000,De,3
489,learn_on,2.000000,De,3
490,learn_on,2.000000,De,3
491,learn_on,2.000000,De,3
492,learn_on,2.000000,De,3
493,learn_on,2.000000,De,3
494,learn_on,0.000000,Po,3
495,learn_on,0.000000,Po,3
496,learn_on,0.000000,Po,3
497,learn_on,0.000000,Po,3
498,learn_on,2.000000,De,3
499,learn_on,2.000000,De,3
500,learn_on,2.000000,De,3
501,learn_on,2.000000,De,3
502,learn_on,2.000000,De,3
503,learn_on,4.000000,De,3
504,learn_on,4.000000,De,3
505,learn_on,4.000000,De,3
506,learn_on,4.000000,De,3
507,learn_on,4.000000,De,3
508,learn_on,0.000000,Po,3
509,learn_on,0.000000,Po,3
510,learn_on,0.000000,Po,3
511,learn_on,0.000000,Po,3
512,learn_on,4.000000,De,3
513,learn_on,4.000000,De,3
514,learn_on,4.000000,De,3
515,learn_on,4.000000,De,3
516,learn_on,4.000000,De,3
517,learn_on,2.000000,De,3
518,learn_on,2.000000,De,3
519,learn_on,2.000000,De,3
520,learn_on,2.000000,De,3
521,learn_on,2.000000,De,3
522,learn_on,2.000000,De,3
523,learn_on,2.000000,De,3
524,learn_on,2.000000,De,3
525,learn_on,0.000000,Po,3
526,learn_on,2.000000,De,3
527,learn_on,2.000000,De,3
528,learn_on,2.000000,De,3
529,learn_on,2.000000,De,3
530,learn_on,2.000000,De,3
531,learn_on,0.000000,Po,3
532,learn_on,0.000000,Po,3
533,learn_on,0.000000,Po,3
534,learn_on,0.000000,Po,3
535,learn_on,0.000000,Po,3
536,learn_on,4.000000,De,3
537,learn_on,2.000000,De,3
538,learn_on,4.000000,De,3
539,learn_on,4.000000,De,3
540,learn_on,4.000000,De,3
541,learn_on,2.000000,De,3
542,learn_on,2.000000,De,3
543,learn_on,4.000000,De,3
544,learn_on,4.000000,De,3
545,learn_on,4.000000,De,3
546,learn_on,4.000000,De,3
547,learn_on,4.000000,De,3
548,learn_on,0.000000,Po,3
549,learn_on,2.000000,De,3
550,learn_on,4.000000,De,3
551,learn_on,2.000000,De,3
552,learn_on,2.000000,De,3
553,learn_on,2.000000,De,3
554,learn_on,2.000000,De,3
555,learn_on,0.000000,Po,3
556,learn_on,0.000000,Po,3
557,learn_on,0.000000,Po,3
558,learn_on,0.000000,Po,3
559,learn_on,2.000000,De,3
560,learn_on,2.000000,De,3
561,learn_on,4.000000,De,3
562,learn_on,2.000000,De,3
563,learn_on,2.000000,De,3
564,learn_on,2.000000,De,3
565,learn_on,0.000000,Po,3
566,learn_on,4.000000,De,3
567,learn_on,4.000000,De,3
568,learn_on,4.000000,De,3
569,learn_on,4.000000,De,3
570,learn_on,0.000000,Po,3
571,learn_on,4.000000,De,3
572,learn_on,0.000000,Po,3
573,learn_on,0.000000,Po,3
574,learn_on,0.000000,Po,3
575,learn_on,0.000000,Po,3
576,learn_on,0.000000,Po,3
577,learn_on,2.000000,De,3
578,learn_on,4.000000,De,3
579,learn_on,2.000000,De,3
580,learn_on,2.000000,De,3
581,learn_on,4.000000,De,3
582,learn_on,2.000000,De,3
583,learn_on,2.000000,De,3
584,learn_on,2.000000,De,3
585,learn_on,2.000000,De,3
586,learn_on,2.000000,De,3
587,learn_on,0.000000,Po,3
588,learn_on,4.000000,De,3
589,learn_on,4.000000,De,3
590,learn_on,4.000000,De,3
591,learn_on,4.000000,De,3
592,learn_on,4.000000,De,3
593,learn_on,0.000000,Po,3
594,learn_on,0.000000,Po,3
595,learn_on,0.000000,Po,3
596,learn_on,0.000000,Po,3
597,learn_on,2.000000,De,3
598,learn_on,2.000000,De,3
599,learn_on,2.000000,De,3
600,learn_on,4.000000,De,3
601,learn_on,4.000000,De,3
602,learn_on,2.000000,De,3
603,learn_on,2.000000,De,3
604,learn_on,2.000000,De,3
605,learn_on,2.000000,De,3
606,learn_on,2.000000,De,3
607,learn_on,0.000000,Po,3
608,learn_on,4.000000,De,3
609,learn_on,4.000000,De,3
610,learn_on,2.000000,De,3
611,learn_on,2.000000,De,3
612,learn_on,2.000000,De,3
613,learn_on,2.000000,De,3
614,learn_on,2.000000,De,3
615,learn_on,2.000000,De,3
616,learn_on,0.000000,Po,3
617,learn_on,0.000000,Po,3
618,learn_on,0.000000,Po,3
619,learn_on,2.000000,De,3
620,learn_on,2.000000,De,3
621,learn_on,4.000000,De,3
622,learn_on,4.000000,De,3
623,learn_on,4.000000,De,3
624,learn_on,4.000000,De,3
625,learn_on,2.000000,De,3
626,learn_on,4.000000,De,3
627,learn_on,4.000000,De,3
628,learn_on,2.000000,De,3
629,learn_on,4.000000,De,3
630,learn_on,4.000000,De,3
631,learn_on,2.000000,De,3
632,learn_on,2.000000,De,3
633,learn_on,2.000000,De,3
634,learn_on,2.000000,De,3
635,learn_on,2.000000,De,3
636,learn_on,4.000000,De,3
637,learn_on,2.000000,De,3
638,learn_on,2.000000,De,3
639,learn_on,2.000000,De,3
640,learn_on,2.000000,De,3
641,learn_on,2.000000,De,3
642,learn_on,4.000000,De,3
643,learn_on,4.000000,De,3
644,learn_on,4.000000,De,3
645,learn_on,4.000000,De,3
646,learn_on,4.000000,De,3
647,learn_on,0.000000,Po,3
648,learn_on,0.000000,Po,3
649,learn_on,0.000000,Po,3
650,learn_on,0.000000,Po,3
651,learn_on,0.000000,Po,3
652,learn_on,2.000000,De,3
653,learn_on,2.000000,De,3
654,learn_on,2.000000,De,3
655,learn_on,2.000000,De,3
656,learn_on,2.000000,De,3
657,learn_on,2.000000,De,3
658,learn_on,2.000000,De,3
659,learn_on,2.000000,De,3
660,learn_on,0.000000,Po,3
661,learn_on,0.000000,Po,3
662,learn_on,0.000000,Po,3
663,learn_on,0.000000,Po,3
664,learn_on,2.000000,De,3
665,learn_on,2.000000,De,3
666,learn_on,2.000000,De,3
667,learn_on,2.000000,De,3
668,learn_on,2.000000,De,3
669,learn_on,2.000000,De,3
670,learn_on,2.000000,De,3
671,learn_on,2.000000,De,3
672,learn_on,2.000000,De,3
673,learn_on,2.000000,De,3
674,learn_on,2.000000,De,3
675,learn_on,2.000000,De,3
676,learn_on,0.000000,Po,3
677,learn_on,0.000000,Po,3
678,learn_on,4.000000,De,3
679,learn_on,4.000000,De,3
680,learn_on,4.000000,De,3
681,learn_on,4.000000,De,3
682,learn_on,4.000000,De,3
683,learn_on,0.000000,Po,3
684,learn_on,0.000000,Po,3
685,learn_on,0.000000,Po,3
686,learn_on,0.000000,Po,3
687,learn_on,4.000000,De,3
688,learn_on,4.000000,De,3
689,learn_on,2.000000,De,3
690,learn_on,4.000000,De,3
691,learn_on,4.000000,De,3
692,learn_on,4.000000,De,3
693,learn_on,4.000000,De,3
694,learn_on,2.000000,De,3
695,learn_on,2.000000,De,3
696,learn_on,2.000000,De,3
697,learn_on,2.000000,De,3
698,learn_on,2.000000,De,3
699,learn_on,4.000000,De,3
700,learn_on,4.000000,De,3
701,learn_on,4.000000,De,3
702,learn_on,4.000000,De,3
703,learn_on,4.000000,De,3
704,learn_on,0.000000,Po,3
705,learn_on,0.000000,Po,3
706,learn_on,0.000000,Po,3
707,learn_on,0.000000,Po,3
708,learn_on,0.000000,Po,3
709,learn_on,2.000000,De,3
710,learn_on,2.000000,De,3
711,learn_on,2.000000,De,3
712,learn_on,2.000000,De,3
713,learn_on,2.000000,De,3
714,learn_on,2.000000,De,3
715,learn_on,2.000000,De,3
716,learn_on,0.000000,Po,3
717,learn_on,0.000000,Po,3
718,learn_on,0.000000,Po,3
719,learn_on,0.000000,Po,3
720,learn_on,0.000000,Po,3
721,learn_on,2.000000,De,3
722,learn_on,2.000000,De,3
723,learn_on,2.000000,De,3
724,learn_on,2.000000,De,3
725,learn_on,2.000000,De,3
726,learn_on,2.000000,De,3
727,learn_on,2.000000,De,3
728,learn_on,2.000000,De,3
729,learn_on,2.000000,De,3
730,learn_on,2.000000,De,3
731,learn_on,2.000000,De,3
732,learn_on,2.000000,De,3
733,learn_on,2.000000,De,3
734,learn_on,2.000000,De,3
735,learn_on,0.000000,Po,3
736,learn_on,0.000000,Po,3
737,learn_on,0.000000,Po,3
738,learn_on,2.000000,De,3
739,learn_on,2.000000,De,3
740,learn_on,2.000000,De,3
741,learn_on,2.000000,De,3
742,learn_on,2.000000,De,3
743,learn_on,2.000000,De,3
744,learn_on,2.000000,De,3
745,learn_on,2.000000,De,3
746,learn_on,2.000000,De,3
747,learn_on,4.000000,De,3
748,learn_on,4.000000,De,3
749,learn_on,2.000000,De,3
750,learn_on,2.000000,De,3
751,learn_on,2.000000,De,3
752,learn_on,2.000000,De,3
753,learn_on,2.000000,De,3
754,learn_on,0.000000,Po,3
755,learn_on,4.000000,De,3
756,learn_on,2.000000,De,3
757,learn_on,2.000000,De,3
758,learn_on,2.000000,De,3
759,learn_on,2.000000,De,3
760,learn_on,2.000000,De,3
761,learn_on,0.000000,Po,3
762,learn_on,0.000000,Po,3
763,learn_on,0.000000,Po,3
764,learn_on,4.000000,De,3
765,learn_on,4.000000,De,3
766,learn_on,2.000000,De,3
767,learn_on,4.000000,De,3
768,learn_on,2.000000,De,3
769,learn_on,2.000000,De,3
770,learn_on,2.000000,De,3
771,learn_on,2.000000,De,3
772,learn_on,2.000000,De,3
773,learn_on,0.000000,Po,3
774,learn_on,0.000000,Po,3
775,learn_on,4.000000,De,3
776,learn_on,2.000000,De,3
777,learn_on,4.000000,De,3
778,learn_on,4.000000,De,3
779,learn_on,4.000000,De,3
780,learn_on,4.000000,De,3
781,learn_on,2.000000,De,3
782,learn_on,4.000000,De,3
783,learn_on,4.000000,De,3
784,learn_on,4.000000,De,3
785,learn_on,2.000000,De,3
786,learn_on,2.000000,De,3
787,learn_on,2.000000,De,3
788,learn_on,2.000000,De,3
789,learn_on,2.000000,De,3
790,learn_on,4.000000,De,3
791,learn_on,4.000000,De,3
792,learn_on,4.000000,De,3
793,learn_on,4.000000,De,3
794,learn_on,2.000000,De,3
795,learn_on,2.000000,De,3
796,learn_on,4.000000,De,3
797,learn_on,4.000000,De,3
798,learn_on,4.000000,De,3
799,learn_on,2.000000,De,3
800,learn_on,2.000000,De,3
801,learn_on,4.000000,De,3
802,learn_on,4.000000,De,3
803,learn_on,4.000000,De,3
804,learn_on,4.000000,De,3
805,learn_on,4.000000,De,3
806,learn_on,2.000000,De,3
807,learn_on,4.000000,De,3
808,learn_on,4.000000,De,3
809,learn_on,4.000000,De,3
810,learn_on,4.000000,De,3
811,learn_on,4.000000,De,3
812,learn_on,0.000000,Po,3
813,learn_on,0.000000,Po,3
814,learn_on,2.000000,De,3
815,learn_on,2.000000,De,3
816,learn_on,2.000000,De,3
817,learn_on,2.000000,De,3
818,learn_on,2.000000,De,3
819,learn_on,0.000000,Po,3
820,learn_on,0.000000,Po,3
821,learn_on,0.000000,Po,3
822,learn_on,0.000000,Po,3
823,learn_on,0.000000,Po,3
824,learn_on,2.000000,De,3
825,learn_on,2.000000,De,3
826,learn_on,2.000000,De,3
827,learn_on,2.000000,De,3
828,learn_on,2.000000,De,3
829,learn_on,2.000000,De,3
830,learn_on,4.000000,De,3
831,learn_on,4.000000,De,3
832,learn_on,4.000000,De,3
833,learn_on,2.000000,De,3
834,learn_on,2.000000,De,3
835,learn_on,2.000000,De,3
836,learn_on,2.000000,De,3
837,learn_on,0.000000,Po,3
838,learn_on,4.000000,De,3
839,learn_on,0.000000,Po,3
840,learn_on,2.000000,De,3
841,learn_on,0.000000,Po,3
842,learn_on,2.000000,De,3
843,learn_on,0.000000,Po,3
844,learn_on,2.000000,De,3
845,learn_on,2.000000,De,3
846,learn_on,2.000000,De,3
847,learn_on,0.000000,Po,3
848,learn_on,0.000000,Po,3
849,learn_on,0.000000,Po,3
850,learn_on,2.000000,De,3
851,learn_on,2.000000,De,3
852,learn_on,2.000000,De,3
853,learn_on,2.000000,De,3
854,learn_on,0.000000,Po,3
855,learn_on,2.000000,De,3
856,learn_on,2.000000,De,3
857,learn_on,2.000000,De,3
858,learn_on,0.000000,Po,3
859,learn_on,0.000000,Po,3
860,learn_on,0.000000,Po,3
861,learn_on,0.000000,Po,3
862,learn_on,0.000000,Po,3
863,learn_on,2.000000,De,3
864,learn_on,2.000000,De,3
865,learn_on,2.000000,De,3
866,learn_on,2.000000,De,3
867,learn_on,2.000000,De,3
868,learn_on,2.000000,De,3
869,learn_on,2.000000,De,3
870,learn_on,2.000000,De,3
871,learn_on,2.000000,De,3
872,learn_on,0.000000,Po,3
873,learn_on,0.000000,Po,3
874,learn_on,0.000000,Po,3
875,learn_on,0.000000,Po,3
876,learn_on,0.000000,Po,3
877,learn_on,2.000000,De,3
878,learn_on,2.000000,De,3
879,learn_on,2.000000,De,3
880,learn_on,2.000000,De,3
881,learn_on,2.000000,De,3
882,learn_on,0.000000,Po,3
883,learn_on,2.000000,De,3
884,learn_on,2.000000,De,3
885,learn_on,2.000000,De,3
886,learn_on,2.000000,De,3
887,learn_on,2.000000,De,3
888,learn_on,0.000000,Po,3
889,learn_on,0.000000,Po,3
890,learn_on,4.000000,De,3
891,learn_on,2.000000,De,3
892,learn_on,2.000000,De,3
893,learn_on,2.000000,De,3
894,learn_on,2.000000,De,3
895,learn_on,2.000000,De,3
896,learn_on,0.000000,Po,3
897,learn_on,2.000000,De,3
898,learn_on,2.000000,De,3
899,learn_on,4.000000,De,3
900,learn_on,4.000000,De,3
901,learn_on,4.000000,De,3
902,learn_on,0.000000,Po,3
903,learn_on,4.000000,De,3
904,learn_on,2.000000,De,3
905,learn_on,2.000000,De,3
906,learn_on,0.000000,Po,3
907,learn_on,0.000000,Po,3
908,learn_on,0.000000,Po,3
909,learn_on,0.000000,Po,3
910,learn_on,2.000000,De,3
911,learn_on,2.000000,De,3
912,learn_on,2.000000,De,3
913,learn_on,2.000000,De,3
914,learn_on,4.000000,De,3
915,learn_on,2.000000,De,3
916,learn_on,2.000000,De,3
917,learn_on,2.000000,De,3
918,learn_on,2.000000,De,3
919,learn_on,2.000000,De,3
920,learn_on,0.000000,Po,3
921,learn_on,0.000000,Po,3
922,learn_on,4.000000,De,3
923,learn_on,0.000000,Po,3
924,learn_on,4.000000,De,3
925,learn_on,4.000000,De,3
926,learn_on,4.000000,De,3
927,learn_on,4.000000,De,3
928,learn_on,0.000000,Po,3
929,learn_on,0.000000,Po,3
930,learn_on,0.000000,Po,3
931,learn_on,0.000000,Po,3
932,learn_on,0.000000,Po,3
933,learn_on,2.000000,De,3
934,learn_on,2.000000,De,3
935,learn_on,2.000000,De,3
936,learn_on,2.000000,De,3
937,learn_on,2.000000,De,3
938,learn_on,0.000000,Po,3
939,learn_on,0.000000,Po,3
940,learn_on,0.000000,Po,3
941,learn_on,0.000000,Po,3
942,learn_on,2.000000,De,3
943,learn_on,2.000000,De,3
944,learn_on,2.000000,De,3
945,learn_on,2.000000,De,3
946,learn_on,2.000000,De,3
947,learn_on,0.000000,Po,3
948,learn_on,0.000000,Po,3
949,learn_on,0.000000,Po,3
950,learn_on,0.000000,Po,3
951,learn_on,0.000000,Po,3
952,learn_on,0.000000,Po,3
953,learn_on,0.000000,Po,3
954,learn_on,0.000000,Po,3
955,learn_on,0.000000,Po,3
956,learn_on,2.000000,De,3
957,learn_on,2.000000,De,3
958,learn_on,2.000000,De,3
959,learn_on,2.000000,De,3
960,learn_on,2.000000,De,3
961,learn_on,2.000000,De,3
962,learn_on,2.000000,De,3
963,learn_on,2.000000,De,3
964,learn_on,2.000000,De,3
965,learn_on,2.000000,De,3
966,learn_on,2.000000,De,3
967,learn_on,2.000000,De,3
968,learn_on,0.000000,Po,3
969,learn_on,2.000000,De,3
970,learn_on,2.000000,De,3
971,learn_on,2.000000,De,3
972,learn_on,2.000000,De,3
973,learn_on,2.000000,De,3
974,learn_on,2.000000,De,3
975,learn_on,2.000000,De,3
976,learn_on,2.000000,De,3
977,learn_on,0.000000,Po,3
978,learn_on,2.000000,De,3
979,learn_on,2.000000,De,3
980,learn_on,2.000000,De,3
981,learn_on,2.000000,De,3
982,learn_on,2.000000,De,3
983,learn_on,2.000000,De,3
984,learn_on,2.000000,De,3
985,learn_on,2.000000,De,3
986,learn_on,0.000000,Po,3
987,learn_on,0.000000,Po,3
988,learn_on,0.000000,Po,3
989,learn_on,0.000000,Po,3
990,learn_on,0.000000,Po,3
991,learn_on,0.000000,Po,3
992,learn_on,0.000000,Po,3
993,learn_on,0.000000,Po,3
994,learn_on,4.000000,De,3
995,learn_on,2.000000,De,3
996,learn_on,4.000000,De,3
997,learn_on,4.000000,De,3
998,learn_on,4.000000,De,3
999,learn_on,4.000000,De,3
1000,learn_on,4.000000,De,3
1,frozen,2.000000,De,0
2,frozen,2.000000,De,0
3,frozen,0.000000,Po,0
4,frozen,0.000000,Po,0
5,frozen,4.000000,De,0
6,frozen,4.000000,De,0
7,frozen,2.000000,De,0
8,frozen,2.000000,De,0
9,frozen,0.000000,Po,0
10,frozen,4.000000,De,0
11,frozen,0.000000,Po,0
12,frozen,2.000000,De,0
13,frozen,4.000000,De,0
14,frozen,4.000000,De,0
15,frozen,2.000000,De,0
16,frozen,0.000000,Po,0
17,frozen,0.000000,Po,0
18,frozen,0.000000,Po,0
19,frozen,0.000000,Po,0
20,frozen,2.000000,De,0
21,frozen,2.000000,De,0
22,frozen,4.000000,De,0
23,frozen,0.000000,Po,0
24,frozen,0.000000,Po,0
25,frozen,0.000000,Po,0
26,frozen,2.000000,De,0
27,frozen,0.000000,Po,0
28,frozen,0.000000,Po,0
29,frozen,2.000000,De,0
30,frozen,0.000000,Po,0
31,frozen,4.000000,De,0
32,frozen,2.000000,De,0
33,frozen,2.000000,De,0
34,frozen,2.000000,De,0
35,frozen,2.000000,De,0
36,frozen,0.000000,Po,0
37,frozen,0.000000,Po,0
38,frozen,0.000000,Po,0
39,frozen,0.000000,Po,0
40,frozen,0.000000,Po,0
41,frozen,2.000000,De,0
42,frozen,4.000000,De,0
43,frozen,2.000000,De,0
44,frozen,4.000000,De,0
45,frozen,2.000000,De,0
46,frozen,0.000000,Po,0
47,frozen,2.000000,De,0
48,frozen,2.000000,De,0
49,frozen,2.000000,De,0
50,frozen,0.000000,Po,0
51,frozen,2.000000,De,0
52,frozen,0.000000,Po,0
53,frozen,2.000000,De,0
54,frozen,4.000000,De,0
55,frozen,2.000000,De,0
56,frozen,4.000000,De,0
57,frozen,0.000000,Po,0
58,frozen,2.000000,De,0
59,frozen,0.000000,Po,0
60,frozen,2.000000,De,0
61,frozen,2.000000,De,0
62,frozen,0.000000,Po,0
63,frozen,0.000000,Po,0
64,frozen,2.000000,De,0
65,frozen,4.000000,De,0
66,frozen,0.000000,Po,0
67,frozen,2.000000,De,0
68,frozen,0.000000,Po,0
69,frozen,2.000000,De,0
70,frozen,2.000000,De,0
71,frozen,0.000000,Po,0
72,frozen,2.000000,De,0
73,frozen,2.000000,De,0
74,frozen,2.000000,De,0
75,frozen,2.000000,De,0
76,frozen,0.000000,Po,0
77,frozen,2.000000,De,0
78,frozen,2.000000,De,0
79,frozen,2.000000,De,0
80,frozen,4.000000,De,0
81,frozen,0.000000,Po,0
82,frozen,4.000000,De,0
83,frozen,0.000000,Po,0
84,frozen,2.000000,De,0
85,frozen,2.000000,De,0
86,frozen,2.000000,De,0
87,frozen,0.000000,Po,0
88,frozen,4.000000,De,0
89,frozen,2.000000,De,0
90,frozen,2.000000,De,0
91,frozen,2.000000,De,0
92,frozen,4.000000,De,0
93,frozen,2.000000,De,0
94,frozen,2.000000,De,0
95,frozen,2.000000,De,0
96,frozen,2.000000,De,0
97,frozen,0.000000,Po,0
98,frozen,4.000000,De,0
99,frozen,4.000000,De,0
100,frozen,2.000000,De,0
101,frozen,2.000000,De,0
102,frozen,0.000000,Po,0
103,frozen,2.000000,De,0
104,frozen,2.000000,De,0
105,frozen,4.000000,De,0
106,frozen,2.000000,De,0
107,frozen,2.000000,De,0
108,frozen,0.000000,Po,0
109,frozen,2.000000,De,0
110,frozen,2.000000,De,0
111,frozen,4.000000,De,0
112,frozen,2.000000,De,0
113,frozen,4.000000,De,0
114,frozen,0.000000,Po,0
115,frozen,2.000000,De,0
116,frozen,0.000000,Po,0
117,frozen,2.000000,De,0
118,frozen,2.000000,De,0
119,frozen,4.000000,De,0
120,frozen,0.000000,Po,0
121,frozen,0.000000,Po,0
122,frozen,4.000000,De,0
123,frozen,2.000000,De,0
124,frozen,2.000000,De,0
125,frozen,2.000000,De,0
126,frozen,0.000000,Po,0
127,frozen,0.000000,Po,0
128,frozen,2.000000,De,0
129,frozen,0.000000,Po,0
130,frozen,2.000000,De,0
131,frozen,2.000000,De,0
132,frozen,0.000000,Po,0
133,frozen,2.000000,De,0
134,frozen,4.000000,De,0
135,frozen,0.000000,Po,0
136,frozen,2.000000,De,0
137,frozen,0.000000,Po,0
138,frozen,0.000000,Po,0
139,frozen,0.000000,Po,0
140,frozen,2.000000,De,0
141,frozen,2.000000,De,0
142,frozen,0.000000,Po,0
143,frozen,2.000000,De,0
144,frozen,4.000000,De,0
145,frozen,0.000000,Po,0
146,frozen,0.000000,Po,0
147,frozen,2.000000,De,0
148,frozen,0.000000,Po,0
149,frozen,2.000000,De,0
150,frozen,4.000000,De,0
151,frozen,2.000000,De,0
152,frozen,2.000000,De,0
153,frozen,2.000000,De,0
154,frozen,2.000000,De,0
155,frozen,0.000000,Po,0
156,frozen,2.000000,De,0
157,frozen,2.000000,De,0
158,frozen,0.000000,Po,0
159,frozen,0.000000,Po,0
160,frozen,2.000000,De,0
161,frozen,0.000000,Po,0
162,frozen,4.000000,De,0
163,frozen,2.000000,De,0
164,frozen,2.000000,De,0
165,frozen,2.000000,De,0
166,frozen,2.000000,De,0
167,frozen,2.000000,De,0
168,frozen,0.000000,Po,0
169,frozen,2.000000,De,0
170,frozen,0.000000,Po,0
171,frozen,2.000000,De,0
172,frozen,2.000000,De,0
173,frozen,2.000000,De,0
174,frozen,2.000000,De,0
175,frozen,0.000000,Po,0
176,frozen,0.000000,Po,0
177,frozen,2.000000,De,0
178,frozen,2.000000,De,0
179,frozen,0.000000,Po,0
180,frozen,0.000000,Po,0
181,frozen,4.000000,De,0
182,frozen,2.000000,De,0
183,frozen,0.000000,Po,0
184,frozen,4.000000,De,0
185,frozen,2.000000,De,0
186,frozen,2.000000,De,0
187,frozen,2.000000,De,0
188,frozen,4.000000,De,0
189,frozen,0.000000,Po,0
190,frozen,2.000000,De,0
191,frozen,0.000000,Po,0
192,frozen,0.000000,Po,0
193,frozen,4.000000,De,0
194,frozen,0.000000,Po,0
195,frozen,0.000000,Po,0
196,frozen,2.000000,De,0
197,frozen,4.000000,De,0
198,frozen,2.000000,De,0
199,frozen,2.000000,De,0
200,frozen,2.000000,De,0
201,frozen,0.000000,Po,0
202,frozen,4.000000,De,0
203,frozen,2.000000,De,0
204,frozen,0.000000,Po,0
205,frozen,4.000000,De,0
206,frozen,4.000000,De,0
207,frozen,0.000000,Po,0
208,frozen,0.000000,Po,0
209,frozen,0.000000,Po,0
210,frozen,0.000000,Po,0
211,frozen,2.000000,De,0
212,frozen,2.000000,De,0
213,frozen,2.000000,De,0
214,frozen,2.000000,De,0
215,frozen,2.000000,De,0
216,frozen,0.000000,Po,0
217,frozen,0.000000,Po,0
218,frozen,4.000000,De,0
219,frozen,4.000000,De,0
220,frozen,2.000000,De,0
221,frozen,4.000000,De,0
222,frozen,0.000000,Po,0
223,frozen,4.000000,De,0
224,frozen,2.000000,De,0
225,frozen,2.000000,De,0
226,frozen,2.000000,De,0
227,frozen,4.000000,De,0
228,frozen,0.000000,Po,0
229,frozen,2.000000,De,0
230,frozen,0.000000,Po,0
231,frozen,0.000000,Po,0
232,frozen,4.000000,De,0
233,frozen,0.000000,Po,0
234,frozen,2.000000,De,0
235,frozen,4.000000,De,0
236,frozen,0.000000,Po,0
237,frozen,0.000000,Po,0
238,frozen,2.000000,De,0
239,frozen,2.000000,De,0
240,frozen,0.000000,Po,0
241,frozen,2.000000,De,0
242,frozen,2.000000,De,0
243,frozen,0.000000,Po,0
244,frozen,0.000000,Po,0
245,frozen,4.000000,De,0
246,frozen,0.000000,Po,0
247,frozen,2.000000,De,0
248,frozen,2.000000,De,0
249,frozen,2.000000,De,0
250,frozen,0.000000,Po,0
251,frozen,0.000000,Po,0
252,frozen,2.000000,De,0
253,frozen,2.000000,De,0
254,frozen,0.000000,Po,0
255,frozen,0.000000,Po,0
256,frozen,2.000000,De,0
257,frozen,2.000000,De,0
258,frozen,4.000000,De,0
259,frozen,4.000000,De,0
260,frozen,0.000000,Po,0
261,frozen,4.000000,De,0
262,frozen,2.000000,De,0
263,frozen,0.000000,Po,0
264,frozen,2.000000,De,0
265,frozen,4.000000,De,0
266,frozen,4.000000,De,0
267,frozen,0.000000,Po,0
268,frozen,2.000000,De,0
269,frozen,2.000000,De,0
270,frozen,2.000000,De,0
271,frozen,0.000000,Po,0
272,frozen,2.000000,De,0
273,frozen,4.000000,De,0
274,frozen,0.000000,Po,0
275,frozen,0.000000,Po,0
276,frozen,0.000000,Po,0
277,frozen,2.000000,De,0
278,frozen,2.000000,De,0
279,frozen,2.000000,De,0
280,frozen,0.000000,Po,0
281,frozen,0.000000,Po,0
282,frozen,2.000000,De,0
283,frozen,2.000000,De,0
284,frozen,2.000000,De,0
285,frozen,0.000000,Po,0
286,frozen,0.000000,Po,0
287,frozen,0.000000,Po,0
288,frozen,4.000000,De,0
289,frozen,2.000000,De,0
290,frozen,2.000000,De,0
291,frozen,0.000000,Po,0
292,frozen,0.000000,Po,0
293,frozen,2.000000,De,0
294,frozen,0.000000,Po,0
295,frozen,2.000000,De,0
296,frozen,0.000000,Po,0
297,frozen,2.000000,De,0
298,frozen,0.000000,Po,0
299,frozen,2.000000,De,0
300,frozen,2.000000,De,0
301,frozen,4.000000,De,0
302,frozen,4.000000,De,0
303,frozen,0.000000,Po,0
304,frozen,2.000000,De,0
305,frozen,2.000000,De,0
306,frozen,2.000000,De,0
307,frozen,0.000000,Po,0
308,frozen,2.000000,De,0
309,frozen,2.000000,De,0
310,frozen,2.000000,De,0
311,frozen,0.000000,Po,0
312,frozen,0.000000,Po,0
313,frozen,0.000000,Po,0
314,frozen,2.000000,De,0
315,frozen,2.000000,De,0
316,frozen,0.000000,Po,0
317,frozen,0.000000,Po,0
318,frozen,0.000000,Po,0
319,frozen,0.000000,Po,0
320,frozen,0.000000,Po,0
321,frozen,0.000000,Po,0
322,frozen,2.000000,De,0
323,frozen,2.000000,De,0
324,frozen,2.000000,De,0
325,frozen,0.000000,Po,0
326,frozen,0.000000,Po,0
327,frozen,0.000000,Po,0
328,frozen,0.000000,Po,0
329,frozen,2.000000,De,0
330,frozen,4.000000,De,0
331,frozen,2.000000,De,0
332,frozen,2.000000,De,0
333,frozen,0.000000,Po,0
334,frozen,2.000000,De,0
335,frozen,2.000000,De,0
336,frozen,0.000000,Po,0
337,frozen,0.000000,Po,0
338,frozen,2.000000,De,0
339,frozen,0.000000,Po,0
340,frozen,2.000000,De,0
341,frozen,4.000000,De,0
342,frozen,2.000000,De,0
343,frozen,2.000000,De,0
344,frozen,0.000000,Po,0
345,frozen,2.000000,De,0
346,frozen,2.000000,De,0
347,frozen,2.000000,De,0
348,frozen,4.000000,De,0
349,frozen,0.000000,Po,0
350,frozen,2.000000,De,0
351,frozen,2.000000,De,0
352,frozen,0.000000,Po,0
353,frozen,2.000000,De,0
354,frozen,0.000000,Po,0
355,frozen,2.000000,De,0
356,frozen,2.000000,De,0
357,frozen,0.000000,Po,0
358,frozen,0.000000,Po,0
359,frozen,2.000000,De,0
360,frozen,2.000000,De,0
361,frozen,0.000000,Po,0
362,frozen,2.000000,De,0
363,frozen,2.000000,De,0
364,frozen,0.000000,Po,0
365,frozen,2.000000,De,0
366,frozen,2.000000,De,0
367,frozen,2.000000,De,0
368,frozen,0.000000,Po,0
369,frozen,0.000000,Po,0
370,frozen,4.000000,De,0
371,frozen,4.000000,De,0
372,frozen,2.000000,De,0
373,frozen,2.000000,De,0
374,frozen,2.000000,De,0
375,frozen,2.000000,De,0
376,frozen,2.000000,De,0
377,frozen,4.000000,De,0
378,frozen,0.000000,Po,0
379,frozen,4.000000,De,0
380,frozen,0.000000,Po,0
381,frozen,2.000000,De,0
382,frozen,0.000000,Po,0
383,frozen,2.000000,De,0
384,frozen,0.000000,Po,0
385,frozen,2.000000,De,0
386,frozen,0.000000,Po,0
387,frozen,0.000000,Po,0
388,frozen,0.000000,Po,0
389,frozen,2.000000,De,0
390,frozen,0.000000,Po,0
391,frozen,0.000000,Po,0
392,frozen,2.000000,De,0
393,frozen,2.000000,De,0
394,frozen,0.000000,Po,0
395,frozen,0.000000,Po,0
396,frozen,0.000000,Po,0
397,frozen,0.000000,Po,0
398,frozen,0.000000,Po,0
399,frozen,2.000000,De,0
400,frozen,2.000000,De,0
401,frozen,4.000000,De,0
402,frozen,0.000000,Po,0
403,frozen,0.000000,Po,0
404,frozen,2.000000,De,0
405,frozen,0.000000,Po,0
406,frozen,2.000000,De,0
407,frozen,2.000000,De,0
408,frozen,2.000000,De,0
409,frozen,2.000000,De,0
410,frozen,0.000000,Po,0
411,frozen,0.000000,Po,0
412,frozen,2.000000,De,0
413,frozen,2.000000,De,0
414,frozen,0.000000,Po,0
415,frozen,2.000000,De,0
416,frozen,2.000000,De,0
417,frozen,2.000000,De,0
418,frozen,4.000000,De,0
419,frozen,0.000000,Po,0
420,frozen,0.000000,Po,0
421,frozen,0.000000,Po,0
422,frozen,4.000000,De,0
423,frozen,2.000000,De,0
424,frozen,0.000000,Po,0
425,frozen,2.000000,De,0
426,frozen,2.000000,De,0
427,frozen,2.000000,De,0
428,frozen,2.000000,De,0
429,frozen,0.000000,Po,0
430,frozen,2.000000,De,0
431,frozen,0.000000,Po,0
432,frozen,2.000000,De,0
433,frozen,2.000000,De,0
434,frozen,0.000000,Po,0
435,frozen,0.000000,Po,0
436,frozen,4.000000,De,0
437,frozen,0.000000,Po,0
438,frozen,2.000000,De,0
439,frozen,2.000000,De,0
440,frozen,0.000000,Po,0
441,frozen,0.000000,Po,0
442,frozen,4.000000,De,0
443,frozen,4.000000,De,0
444,frozen,2.000000,De,0
445,frozen,0.000000,Po,0
446,frozen,0.000000,Po,0
447,frozen,0.000000,Po,0
448,frozen,0.000000,Po,0
449,frozen,4.000000,De,0
450,frozen,2.000000,De,0
451,frozen,0.000000,Po,0
452,frozen,2.000000,De,0
453,frozen,2.000000,De,0
454,frozen,0.000000,Po,0
455,frozen,0.000000,Po,0
456,frozen,2.000000,De,0
457,frozen,2.000000,De,0
458,frozen,0.000000,Po,0
459,frozen,2.000000,De,0
460,frozen,0.000000,Po,0
461,frozen,0.000000,Po,0
462,frozen,0.000000,Po,0
463,frozen,0.000000,Po,0
464,frozen,2.000000,De,0
465,frozen,0.000000,Po,0
466,frozen,0.000000,Po,0
467,frozen,4.000000,De,0
468,frozen,2.000000,De,0
469,frozen,2.000000,De,0
470,frozen,4.000000,De,0
471,frozen,4.000000,De,0
472,frozen,2.000000,De,0
473,frozen,2.000000,De,0
474,frozen,4.000000,De,0
475,frozen,0.000000,Po,0
476,frozen,2.000000,De,0
477,frozen,2.000000,De,0
478,frozen,2.000000,De,0
479,frozen,4.000000,De,0
480,frozen,0.000000,Po,0
481,frozen,2.000000,De,0
482,frozen,4.000000,De,0
483,frozen,4.000000,De,0
484,frozen,2.000000,De,0
485,frozen,2.000000,De,0
486,frozen,2.000000,De,0
487,frozen,0.000000,Po,0
488,frozen,4.000000,De,0
489,frozen,0.000000,Po,0
490,frozen,2.000000,De,0
491,frozen,2.000000,De,0
492,frozen,0.000000,Po,0
493,frozen,2.000000,De,0
494,frozen,2.000000,De,0
495,frozen,2.000000,De,0
496,frozen,0.000000,Po,0
497,frozen,0.000000,Po,0
498,frozen,0.000000,Po,0
499,frozen,2.000000,De,0
500,frozen,2.000000,De,0
501,frozen,2.000000,De,0
502,frozen,2.000000,De,0
503,frozen,4.000000,De,0
504,frozen,2.000000,De,0
505,frozen,2.000000,De,0
506,frozen,4.000000,De,0
507,frozen,4.000000,De,0
508,frozen,2.000000,De,0
509,frozen,0.000000,Po,0
510,frozen,4.000000,De,0
511,frozen,0.000000,Po,0
512,frozen,2.000000,De,0
513,frozen,2.000000,De,0
514,frozen,2.000000,De,0
515,frozen,0.000000,Po,0
516,frozen,0.000000,Po,0
517,frozen,0.000000,Po,0
518,frozen,0.000000,Po,0
519,frozen,2.000000,De,0
520,frozen,2.000000,De,0
521,frozen,0.000000,Po,0
522,frozen,0.000000,Po,0
523,frozen,2.000000,De,0
524,frozen,4.000000,De,0
525,frozen,2.000000,De,0
526,frozen,2.000000,De,0
527,frozen,0.000000,Po,0
528,frozen,2.000000,De,0
529,frozen,4.000000,De,0
530,frozen,2.000000,De,0
531,frozen,2.000000,De,0
532,frozen,4.000000,De,0
533,frozen,4.000000,De,0
534,frozen,0.000000,Po,0
535,frozen,2.000000,De,0
536,frozen,0.000000,Po,0
537,frozen,2.000000,De,0
538,frozen,4.000000,De,0
539,frozen,2.000000,De,0
540,frozen,4.000000,De,0
541,frozen,0.000000,Po,0
542,frozen,2.000000,De,0
543,frozen,0.000000,Po,0
544,frozen,2.000000,De,0
545,frozen,0.000000,Po,0
546,frozen,4.000000,De,0
547,frozen,2.000000,De,0
548,frozen,0.000000,Po,0
549,frozen,0.000000,Po,0
550,frozen,4.000000,De,0
551,frozen,4.000000,De,0
552,frozen,0.000000,Po,0
553,frozen,2.000000,De,0
554,frozen,2.000000,De,0
555,frozen,4.000000,De,0
556,frozen,2.000000,De,0
557,frozen,2.000000,De,0
558,frozen,2.000000,De,0
559,frozen,0.000000,Po,0
560,frozen,0.000000,Po,0
561,frozen,0.000000,Po,0
562,frozen,2.000000,De,0
563,frozen,4.000000,De,0
564,frozen,4.000000,De,0
565,frozen,0.000000,Po,0
566,frozen,4.000000,De,0
567,frozen,2.000000,De,0
568,frozen,4.000000,De,0
569,frozen,2.000000,De,0
570,frozen,0.000000,Po,0
571,frozen,2.000000,De,0
572,frozen,2.000000,De,0
573,frozen,4.000000,De,0
574,frozen,4.000000,De,0
575,frozen,2.000000,De,0
576,frozen,2.000000,De,0
577,frozen,2.000000,De,0
578,frozen,2.000000,De,0
579,frozen,2.000000,De,0
580,frozen,0.000000,Po,0
581,frozen,4.000000,De,0
582,frozen,4.000000,De,0
583,frozen,0.000000,Po,0
584,frozen,0.000000,Po,0
585,frozen,2.000000,De,0
586,frozen,2.000000,De,0
587,frozen,2.000000,De,0
588,frozen,2.000000,De,0
589,frozen,0.000000,Po,0
590,frozen,0.000000,Po,0
591,frozen,2.000000,De,0
592,frozen,0.000000,Po,0
593,frozen,2.000000,De,0
594,frozen,0.000000,Po,0
595,frozen,2.000000,De,0
596,frozen,2.000000,De,0
597,frozen,2.000000,De,0
598,frozen,2.000000,De,0
599,frozen,2.000000,De,0
600,frozen,0.000000,Po,0
601,frozen,2.000000,De,0
602,frozen,2.000000,De,0
603,frozen,2.000000,De,0
604,frozen,4.000000,De,0
605,frozen,2.000000,De,0
606,frozen,4.000000,De,0
607,frozen,0.000000,Po,0
608,frozen,4.000000,De,0
609,frozen,2.000000,De,0
610,frozen,0.000000,Po,0
611,frozen,2.000000,De,0
612,frozen,2.000000,De,0
613,frozen,2.000000,De,0
614,frozen,2.000000,De,0
615,frozen,4.000000,De,0
616,frozen,2.000000,De,0
617,frozen,0.000000,Po,0
618,frozen,0.000000,Po,0
619,frozen,2.000000,De,0
620,frozen,0.000000,Po,0
621,frozen,2.000000,De,0
622,frozen,2.000000,De,0
623,frozen,2.000000,De,0
624,frozen,4.000000,De,0
625,frozen,2.000000,De,0
626,frozen,2.000000,De,0
627,frozen,2.000000,De,0
628,frozen,0.000000,Po,0
629,frozen,0.000000,Po,0
630,frozen,0.000000,Po,0
631,frozen,0.000000,Po,0
632,frozen,0.000000,Po,0
633,frozen,2.000000,De,0
634,frozen,2.000000,De,0
635,frozen,0.000000,Po,0
636,frozen,2.000000,De,0
637,frozen,0.000000,Po,0
638,frozen,2.000000,De,0
639,frozen,0.000000,Po,0
640,frozen,2.000000,De,0
641,frozen,2.000000,De,0
642,frozen,2.000000,De,0
643,frozen,2.000000,De,0
644,frozen,0.000000,Po,0
645,frozen,4.000000,De,0
646,frozen,0.000000,Po,0
647,frozen,4.000000,De,0
648,frozen,2.000000,De,0
649,frozen,2.000000,De,0
650,frozen,2.000000,De,0
651,frozen,0.000000,Po,0
652,frozen,2.000000,De,0
653,frozen,0.000000,Po,0
654,frozen,2.000000,De,0
655,frozen,0.000000,Po,0
656,frozen,2.000000,De,0
657,frozen,0.000000,Po,0
658,frozen,2.000000,De,0
659,frozen,2.000000,De,0
660,frozen,2.000000,De,0
661,frozen,0.000000,Po,0
662,frozen,2.000000,De,0
663,frozen,2.000000,De,0
664,frozen,4.000000,De,0
665,frozen,4.000000,De,0
666,frozen,0.000000,Po,0
667,frozen,0.000000,Po,0
668,frozen,0.000000,Po,0
669,frozen,2.000000,De,0
670,frozen,0.000000,Po,0
671,frozen,4.000000,De,0
672,frozen,0.000000,Po,0
673,frozen,2.000000,De,0
674,frozen,2.000000,De,0
675,frozen,2.000000,De,0
676,frozen,0.000000,Po,0
677,frozen,2.000000,De,0
678,frozen,2.000000,De,0
679,frozen,2.000000,De,0
680,frozen,4.000000,De,0
681,frozen,0.000000,Po,0
682,frozen,2.000000,De,0
683,frozen,0.000000,Po,0
684,frozen,2.000000,De,0
685,frozen,2.000000,De,0
686,frozen,2.000000,De,0
687,frozen,2.000000,De,0
688,frozen,0.000000,Po,0
689,frozen,0.000000,Po,0
690,frozen,2.000000,De,0
691,frozen,0.000000,Po,0
692,frozen,2.000000,De,0
693,frozen,2.000000,De,0
694,frozen,0.000000,Po,0
695,frozen,2.000000,De,0
696,frozen,2.000000,De,0
697,frozen,2.000000,De,0
698,frozen,0.000000,Po,0
699,frozen,0.000000,Po,0
700,frozen,4.000000,De,0
701,frozen,0.000000,Po,0
702,frozen,2.000000,De,0
703,frozen,0.000000,Po,0
704,frozen,2.000000,De,0
705,frozen,0.000000,Po,0
706,frozen,2.000000,De,0
707,frozen,4.000000,De,0
708,frozen,2.000000,De,0
709,frozen,2.000000,De,0
710,frozen,0.000000,Po,0
711,frozen,4.000000,De,0
712,frozen,2.000000,De,0
713,frozen,4.000000,De,0
714,frozen,0.000000,Po,0
715,frozen,2.000000,De,0
716,frozen,2.000000,De,0
717,frozen,0.000000,Po,0
718,frozen,2.000000,De,0
719,frozen,0.000000,Po,0
720,frozen,2.000000,De,0
721,frozen,2.000000,De,0
722,frozen,0.000000,Po,0
723,frozen,2.000000,De,0
724,frozen,4.000000,De,0
725,frozen,0.000000,Po,0
726,frozen,2.000000,De,0
727,frozen,0.000000,Po,0
728,frozen,2.000000,De,0
729,frozen,2.000000,De,0
730,frozen,2.000000,De,0
731,frozen,0.000000,Po,0
732,frozen,2.000000,De,0
733,frozen,0.000000,Po,0
734,frozen,2.000000,De,0
735,frozen,2.000000,De,0
736,frozen,2.000000,De,0
737,frozen,0.000000,Po,0
738,frozen,2.000000,De,0
739,frozen,2.000000,De,0
740,frozen,2.000000,De,0
741,frozen,2.000000,De,0
742,frozen,2.000000,De,0
743,frozen,0.000000,Po,0
744,frozen,0.000000,Po,0
745,frozen,4.000000,De,0
746,frozen,4.000000,De,0
747,frozen,2.000000,De,0
748,frozen,2.000000,De,0
749,frozen,0.000000,Po,0
750,frozen,2.000000,De,0
751,frozen,4.000000,De,0
752,frozen,2.000000,De,0
753,frozen,2.000000,De,0
754,frozen,2.000000,De,0
755,frozen,4.000000,De,0
756,frozen,0.000000,Po,0
757,frozen,0.000000,Po,0
758,frozen,0.000000,Po,0
759,frozen,2.000000,De,0
760,frozen,0.000000,Po,0
761,frozen,2.000000,De,0
762,frozen,0.000000,Po,0
763,frozen,2.000000,De,0
764,frozen,0.000000,Po,0
765,frozen,2.000000,De,0
766,frozen,4.000000,De,0
767,frozen,0.000000,Po,0
768,frozen,4.000000,De,0
769,frozen,0.000000,Po,0
770,frozen,2.000000,De,0
771,frozen,0.000000,Po,0
772,frozen,4.000000,De,0
773,frozen,0.000000,Po,0
774,frozen,0.000000,Po,0
775,frozen,0.000000,Po,0
776,frozen,2.000000,De,0
777,frozen,2.000000,De,0
778,frozen,2.000000,De,0
779,frozen,4.000000,De,0
780,frozen,4.000000,De,0
781,frozen,2.000000,De,0
782,frozen,2.000000,De,0
783,frozen,2.000000,De,0
784,frozen,2.000000,De,0
785,frozen,2.000000,De,0
786,frozen,2.000000,De,0
787,frozen,4.000000,De,0
788,frozen,2.000000,De,0
789,frozen,2.000000,De,0
790,frozen,2.000000,De,0
791,frozen,2.000000,De,0
792,frozen,2.000000,De,0
793,frozen,2.000000,De,0
794,frozen,2.000000,De,0
795,frozen,0.000000,Po,0
796,frozen,0.000000,Po,0
797,frozen,2.000000,De,0
798,frozen,0.000000,Po,0
799,frozen,2.000000,De,0
800,frozen,0.000000,Po,0
801,frozen,0.000000,Po,0
802,frozen,4.000000,De,0
803,frozen,2.000000,De,0
804,frozen,2.000000,De,0
805,frozen,2.000000,De,0
806,frozen,2.000000,De,0
807,frozen,2.000000,De,0
808,frozen,2.000000,De,0
809,frozen,0.000000,Po,0
810,frozen,2.000000,De,0
811,frozen,4.000000,De,0
812,frozen,2.000000,De,0
813,frozen,2.000000,De,0
814,frozen,2.000000,De,0
815,frozen,0.000000,Po,0
816,frozen,4.000000,De,0
817,frozen,0.000000,Po,0
818,frozen,0.000000,Po,0
819,frozen,0.000000,Po,0
820,frozen,2.000000,De,0
821,frozen,0.000000,Po,0
822,frozen,0.000000,Po,0
823,frozen,2.000000,De,0
824,frozen,2.000000,De,0
825,frozen,0.000000,Po,0
826,frozen,0.000000,Po,0
827,frozen,2.000000,De,0
828,frozen,2.000000,De,0
829,frozen,2.000000,De,0
830,frozen,2.000000,De,0
831,frozen,0.000000,Po,0
832,frozen,2.000000,De,0
833,frozen,0.000000,Po,0
834,frozen,0.000000,Po,0
835,frozen,2.000000,De,0
836,frozen,2.000000,De,0
837,frozen,2.000000,De,0
838,frozen,2.000000,De,0
839,frozen,2.000000,De,0
840,frozen,0.000000,Po,0
841,frozen,2.000000,De,0
842,frozen,4.000000,De,0
843,frozen,0.000000,Po,0
844,frozen,2.000000,De,0
845,frozen,0.000000,Po,0
846,frozen,2.000000,De,0
847,frozen,2.000000,De,0
848,frozen,4.000000,De,0
849,frozen,0.000000,Po,0
850,frozen,2.000000,De,0
851,frozen,0.000000,Po,0
852,frozen,0.000000,Po,0
853,frozen,0.000000,Po,0
854,frozen,2.000000,De,0
855,frozen,2.000000,De,0
856,frozen,2.000000,De,0
857,frozen,2.000000,De,0
858,frozen,2.000000,De,0
859,frozen,0.000000,Po,0
860,frozen,0.000000,Po,0
861,frozen,0.000000,Po,0
862,frozen,2.000000,De,0
863,frozen,0.000000,Po,0
864,frozen,2.000000,De,0
865,frozen,0.000000,Po,0
866,frozen,2.000000,De,0
867,frozen,2.000000,De,0
868,frozen,2.000000,De,0
869,frozen,0.000000,Po,0
870,frozen,2.000000,De,0
871,frozen,4.000000,De,0
872,frozen,0.000000,Po,0
873,frozen,2.000000,De,0
874,frozen,2.000000,De,0
875,frozen,2.000000,De,0
876,frozen,2.000000,De,0
877,frozen,4.000000,De,0
878,frozen,2.000000,De,0
879,frozen,2.000000,De,0
880,frozen,0.000000,Po,0
881,frozen,0.000000,Po,0
882,frozen,0.000000,Po,0
883,frozen,2.000000,De,0
884,frozen,0.000000,Po,0
885,frozen,0.000000,Po,0
886,frozen,2.000000,De,0
887,frozen,4.000000,De,0
888,frozen,2.000000,De,0
889,frozen,2.000000,De,0
890,frozen,2.000000,De,0
891,frozen,0.000000,Po,0
892,frozen,2.000000,De,0
893,frozen,0.000000,Po,0
894,frozen,2.000000,De,0
895,frozen,2.000000,De,0
896,frozen,2.000000,De,0
897,frozen,0.000000,Po,0
898,frozen,2.000000,De,0
899,frozen,2.000000,De,0
900,frozen,4.000000,De,0
901,frozen,4.000000,De,0
902,frozen,4.000000,De,0
903,frozen,2.000000,De,0
904,frozen,4.000000,De,0
905,frozen,0.000000,Po,0
906,frozen,0.000000,Po,0
907,frozen,0.000000,Po,0
908,frozen,2.000000,De,0
909,frozen,2.000000,De,0
910,frozen,2.000000,De,0
911,frozen,2.000000,De,0
912,frozen,2.000000,De,0
913,frozen,0.000000,Po,0
914,frozen,4.000000,De,0
915,frozen,0.000000,Po,0
916,frozen,0.000000,Po,0
917,frozen,2.000000,De,0
918,frozen,2.000000,De,0
919,frozen,4.000000,De,0
920,frozen,0.000000,Po,0
921,frozen,4.000000,De,0
922,frozen,0.000000,Po,0
923,frozen,2.000000,De,0
924,frozen,2.000000,De,0
925,frozen,2.000000,De,0
926,frozen,2.000000,De,0
927,frozen,4.000000,De,0
928,frozen,2.000000,De,0
929,frozen,2.000000,De,0
930,frozen,2.000000,De,0
931,frozen,0.000000,Po,0
932,frozen,0.000000,Po,0
933,frozen,2.000000,De,0
934,frozen,0.000000,Po,0
935,frozen,2.000000,De,0
936,frozen,2.000000,De,0
937,frozen,4.000000,De,0
938,frozen,4.000000,De,0
939,frozen,0.000000,Po,0
940,frozen,2.000000,De,0
941,frozen,2.000000,De,0
942,frozen,4.000000,De,0
943,frozen,2.000000,De,0
944,frozen,2.000000,De,0
945,frozen,2.000000,De,0
946,frozen,2.000000,De,0
947,frozen,0.000000,Po,0
948,frozen,2.000000,De,0
949,frozen,2.000000,De,0
950,frozen,2.000000,De,0
951,frozen,2.000000,De,0
952,frozen,2.000000,De,0
953,frozen,2.000000,De,0
954,frozen,0.000000,Po,0
955,frozen,0.000000,Po,0
956,frozen,0.000000,Po,0
957,frozen,0.000000,Po,0
958,frozen,2.000000,De,0
959,frozen,0.000000,Po,0
960,frozen,2.000000,De,0
961,frozen,2.000000,De,0
962,frozen,0.000000,Po,0
963,frozen,4.000000,De,0
964,frozen,2.000000,De,0
965,frozen,0.000000,Po,0
966,frozen,0.000000,Po,0
967,frozen,2.000000,De,0
968,frozen,2.000000,De,0
969,frozen,0.000000,Po,0
970,frozen,4.000000,De,0
971,frozen,0.000000,Po,0
972,frozen,2.000000,De,0
973,frozen,4.000000,De,0
974,frozen,0.000000,Po,0
975,frozen,0.000000,Po,0
976,frozen,2.000000,De,0
977,frozen,2.000000,De,0
978,frozen,0.000000,Po,0
979,frozen,2.000000,De,0
980,frozen,2.000000,De,0
981,frozen,0.000000,Po,0
982,frozen,2.000000,De,0
983,frozen,2.000000,De,0
984,frozen,0.000000,Po,0
985,frozen,4.000000,De,0
986,frozen,2.000000,De,0
987,frozen,0.000000,Po,0
988,frozen,4.000000,De,0
989,frozen,2.000000,De,0
990,frozen,0.000000,Po,0
991,frozen,4.000000,De,0
992,frozen,2.000000,De,0
993,frozen,4.000000,De,0
994,frozen,2.000000,De,0
995,frozen,2.000000,De,0
996,frozen,0.000000,Po,0
997,frozen,0.000000,Po,0
998,frozen,0.000000,Po,0
999,frozen,2.000000,De,0
1000,frozen,2.000000,De,0
